ID,Address,Rooms,Type,Price,Date,Bathroom,Car,Landsize,Age,Lattitude,Longtitude
ID275585343,15 Kwinana Ct,3,h,1223500.0,22/08/2016,2.0,2.0,721.0,39.0,-37.758,145.0408
ID702339222,12A Almond St,2,h,997000.0,29/04/2017,1.0,2.0,311.0,94.0,-37.8895,145.0229
ID784956327,4/16 Hotham Gr,2,u,660000.0,12/11/2016,1.0,0.0,477.0,49.0,-37.8804,144.9969
ID219098083,48 Sydney St,3,h,840000.0,27/11/2016,1.0,0.0,697.0,99.0,-37.7809,144.8228
ID292446805,16 Hodgson St,5,h,3450000.0,26/08/2017,2.0,2.0,668.0,13.0,-37.80795,145.01474
ID679007143,6 Elswill St,5,h,1351000.0,20/05/2017,2.0,2.0,652.0,19.0,-37.9311,145.0651
ID866731286,3 Alexander St,3,h,1715000.0,10/12/2016,2.0,2.0,458.0,69.0,-37.8257,145.1216
ID298513153,6 Kennedy St,3,h,1365000.0,17/09/2016,1.0,1.0,301.0,84.0,-37.8134,145.0055
ID264990419,31 Raleigh St,2,h,1350000.0,28/08/2016,1.0,1.0,157.0,119.0,-37.8522,144.986
ID199098516,43 Type St,3,h,1270000.0,27/11/2016,1.0,1.0,152.0,109.0,-37.8219,145.0096
ID192443486,3/123 Waterdale Rd,3,t,962000.0,4/03/2017,2.0,1.0,108.0,59.0,-37.7668,145.0434
ID282839136,13 Valencia St,4,h,1650000.0,16/09/2017,2.0,1.0,484.0,69.0,-37.7609,144.89886
ID901767650,227 Wood St,3,h,1010000.0,22/04/2017,1.0,2.0,486.0,79.0,-37.7341,145.0096
ID902645057,2/6 Devon Rd,3,t,590000.0,15/10/2016,2.0,2.0,191.0,19.0,-37.7223,144.9315
ID437031456,906/700 Chapel St,2,u,666000.0,15/07/2017,1.0,1.0,0.0,14.0,-37.83613,144.99661
ID407540782,10 Coote St,3,t,1185000.0,23/04/2016,2.0,1.0,111.0,15.0,-37.8341,144.9541
ID993520435,9 Hounslow Grn,5,h,1150000.0,24/06/2017,5.0,4.0,688.0,13.0,-37.74281,144.72513
ID953990135,7 Whitty St,2,h,555000.0,18/06/2016,1.0,1.0,254.0,49.0,-37.7881,144.8354
ID568372652,36 Westgate St,3,h,1205000.0,13/05/2017,2.0,1.0,570.0,64.0,-37.9066,145.0869
ID980029013,3 Clairmont St,3,h,787000.0,3/06/2017,1.0,3.0,716.0,64.0,-37.77917,144.81407
ID588039284,6/28 The Avenue,2,u,650000.0,16/07/2016,2.0,1.0,0.0,9.0,-37.8554,144.9982
ID949528153,19 Browning Dr,4,h,2000000.0,17/06/2017,2.0,2.0,457.0,23.0,-37.76951,145.16182
ID397346521,72 Wilson St,3,h,1160000.0,23/09/2017,2.0,2.0,534.0,39.0,-37.9583,145.06041000000005
ID969494478,20 Lockley St,3,h,827000.0,3/06/2017,1.0,2.0,676.0,59.0,-37.70328,144.94161
ID719258650,3/2 Kardella St,3,u,707500.0,18/06/2016,1.0,1.0,170.0,44.0,-37.8689,145.0504
ID745461356,7 Adeney St,5,h,2400000.0,22/07/2017,4.0,2.0,742.0,39.0,-37.80218,145.10063
ID196738141,256 McBryde St,3,h,640000.0,25/02/2017,1.0,4.0,533.0,54.0,-37.6985,144.9778
ID913780868,78 The Parade,3,h,1440000.0,11/02/2017,1.0,1.0,487.0,119.0,-37.7725,144.9146
ID504221763,1/171 Waiora Rd,3,u,630000.0,27/05/2017,1.0,1.0,277.0,6.0,-37.73426,145.05986000000001
ID680799128,20 Ajax St,4,h,1620000.0,16/07/2016,2.0,1.0,654.0,59.0,-37.7885,145.0854
ID131746015,38 Addison St,3,h,1480000.0,17/09/2016,1.0,2.0,436.0,109.0,-37.7704,144.9292
ID724811729,6 Wilson Gr,3,h,1602500.0,18/03/2017,1.0,1.0,405.0,89.0,-37.8448,145.071
ID746039508,1 Heather St,2,h,1962000.0,20/05/2017,1.0,2.0,848.0,19.0,-37.9199,145.0573
ID378597865,6 Melrose Ct,4,h,1152000.0,9/09/2017,2.0,2.0,734.0,83.0,-37.874320000000004,145.18766000000005
ID446216493,53 Fordham Rd,3,h,685000.0,3/12/2016,1.0,1.0,1262.0,64.0,-37.7139,145.0215
ID675151243,2 Cooke St,5,h,1575000.0,16/04/2016,3.0,2.0,700.0,31.0,-37.7461,144.9173
ID648563354,17 Yarra St,3,h,1470000.0,8/10/2016,2.0,1.0,364.0,49.0,-37.8513,144.8961
ID136285571,41 Highview Dr,3,h,1310000.0,13/08/2016,1.0,2.0,1157.0,59.0,-37.7934,145.1336
ID982134806,3301/288 Spencer St,2,u,650000.0,18/03/2017,1.0,1.0,0.0,102.0,-37.8138,144.952
ID969529300,24 Kerferd Pl,3,h,1800000.0,10/09/2016,2.0,1.0,90.0,119.0,-37.8421,144.9571
ID541539758,306/45 York St,2,u,685000.0,22/07/2017,2.0,1.0,0.0,8.0,-37.813,144.99303
ID374054407,2/33 Ashley St,2,t,380000.0,12/11/2016,1.0,1.0,83.0,9.0,-37.7171,145.0019
ID956814516,33 Newstead St,3,h,1320000.0,10/09/2016,2.0,2.0,645.0,119.0,-37.7662,144.8971
ID363592160,16 Bottlebrush Rd,4,h,565000.0,12/08/2017,2.0,2.0,482.0,7.0,-37.57416,144.91269
ID700713077,38 Gillard St,5,h,1410000.0,18/03/2017,2.0,1.0,824.0,69.0,-37.8535,145.1139
ID462392742,2 Esther St,2,h,860000.0,27/06/2016,2.0,1.0,415.0,94.0,-37.7481,145.0017
ID432187948,9/561 Spencer St,3,u,995000.0,18/03/2017,1.0,1.0,0.0,79.0,-37.8076,144.9474
ID575337154,712/8 Howard St,2,u,927000.0,29/07/2017,1.0,2.0,0.0,19.0,-37.83305,144.99745
ID339673406,47 Barnett St,3,h,961000.0,7/05/2016,1.0,1.0,235.0,17.0,-37.7925,144.9323
ID890237473,5 Donne St,3,h,1090000.0,12/11/2016,1.0,1.0,464.0,59.0,-37.753,144.9485
ID792332117,1107/12 Yarra St,1,u,425000.0,13/08/2016,1.0,1.0,0.0,12.0,-37.836999999999996,144.9931
ID993406905,15 Bletchley Pl,4,h,590000.0,22/07/2017,2.0,2.0,617.0,59.0,-37.7364,144.82556
ID280512924,286 Balwyn Rd,4,h,1950000.0,9/09/2017,3.0,1.0,747.0,3.0,-37.79609,145.08478
ID743994215,15/36 Brighton Rd,1,u,500000.0,27/11/2016,1.0,0.0,0.0,91.0,-37.87300000000001,144.9907
ID396273667,2 Merton Cl,3,h,1385000.0,1/07/2017,1.0,2.0,807.0,49.0,-37.86618,145.14757
ID636344667,6 Speight St,4,h,1280000.0,16/07/2016,2.0,1.0,458.0,89.0,-37.8427,144.879
ID968112972,43 Ballarat St,2,h,767000.0,25/02/2017,1.0,0.0,128.0,99.0,-37.8179,144.8908
ID543659289,1/4 Hill St,2,u,665000.0,23/04/2016,1.0,3.0,0.0,54.0,-37.8183,145.0194
ID348085231,13/8 The Strand,2,t,830000.0,7/11/2016,1.0,1.0,84.0,39.0,-37.8581,144.9015
ID991878270,5/4 Edward St,1,u,322500.0,17/06/2017,1.0,1.0,0.0,16.0,-37.80504000000001,144.88685
ID433842676,40 Plunkett St,3,h,885000.0,12/11/2016,1.0,1.0,666.0,64.0,-37.7509,145.0423
ID170854868,3/50 Denbigh Rd,2,u,546000.0,30/07/2016,0.0,0.0,0.0,6.0,-37.8568,145.0161
ID776408370,18 Warruga Pl,3,h,1010000.0,15/07/2017,2.0,2.0,582.0,49.0,-37.71325,145.09532
ID601627654,6/32 Walsh St,2,u,562000.0,1/07/2017,1.0,1.0,0.0,49.0,-37.90286,145.04772
ID569320709,7 Victoria St,3,h,2000000.0,4/03/2017,2.0,2.0,176.0,139.0,-37.8641,144.9739
ID515254026,98 Crookston Rd,3,h,906000.0,3/09/2017,1.0,2.0,741.0,69.0,-37.709309999999995,145.01434
ID464809705,36 Clarence St,2,h,1305000.0,1/07/2017,1.0,0.0,315.0,20.0,-37.76386,144.97783
ID832311250,5/22 Oriel Rd,2,h,790000.0,10/09/2016,1.0,1.0,221.0,64.0,-37.7654,145.036
ID562890608,14/1102 Lygon St,1,u,437000.0,24/09/2016,1.0,1.0,0.0,49.0,-37.7798,144.9707
ID517432468,23 Bicknell Ct,3,h,673000.0,3/09/2017,1.0,1.0,659.0,94.0,-37.69404,144.91763999999995
ID335963720,48 Electric St,3,h,637000.0,19/08/2017,1.0,5.0,670.0,39.0,-37.69215,144.91654
ID196121305,91 Princess St,4,h,2800000.0,23/04/2016,1.0,0.0,919.0,27.0,-37.8012,145.0297
ID391452429,1 Whitty La,3,h,436000.0,16/09/2017,2.0,2.0,350.0,15.0,-37.58883,144.70202
ID915207938,17 Marigolds Rd,3,h,800000.0,27/11/2016,2.0,2.0,660.0,25.0,-37.7285,145.0845
ID513093758,24 North Rd,4,h,4225000.0,8/04/2017,2.0,2.0,920.0,29.0,-37.8981,144.9902
ID360048420,7/20 Abbotsford St,1,u,441000.0,14/05/2016,1.0,1.0,0.0,10.0,-37.8016,144.9988
ID377396132,11 Margaret Gr,4,h,1900000.0,27/11/2016,2.0,2.0,556.0,89.0,-37.7844,145.0225
ID776946677,17 Wishart St,3,h,952000.0,12/11/2016,2.0,2.0,246.0,59.0,-37.9356,145.0268
ID604428965,251 Albion St,4,h,1650000.0,29/04/2017,2.0,4.0,670.0,59.0,-37.7602,144.9591
ID792249457,33 McCracken St,4,h,1817000.0,22/04/2017,2.0,1.0,309.0,16.0,-37.791,144.928
ID116787889,18 Temby St,4,h,706000.0,12/11/2016,1.0,2.0,581.0,59.0,-37.7094,145.0877
ID422801551,9 Sherrin Ct,3,h,529000.0,8/07/2017,2.0,2.0,847.0,39.0,-37.884209999999996,144.67869
ID245565001,87 Hotham Rd,2,h,657000.0,12/11/2016,2.0,1.0,268.0,69.0,-37.7343,144.8783
ID786061403,1/5 Little St,3,h,720000.0,6/08/2016,2.0,1.0,0.0,7.0,-37.8379,144.8583
ID881823003,73 Augustine Tce,4,h,651000.0,27/05/2017,1.0,2.0,587.0,39.0,-37.69897,144.90998000000005
ID802434044,44 Thurso St,4,h,1300000.0,3/09/2016,2.0,2.0,644.0,26.0,-37.8747,145.0836
ID123383896,260 Francis St,3,h,892000.0,13/05/2017,1.0,2.0,449.0,79.0,-37.8195,144.8766
ID190497163,67 Prospect Dr,5,h,808000.0,18/06/2016,2.0,2.0,561.0,21.0,-37.74800000000001,144.8552
ID925621147,35 Beverley Rd,3,h,1000000.0,16/07/2016,2.0,1.0,422.0,69.0,-37.7518,145.0768
ID355694059,1A Merritt Ct,3,t,705000.0,11/02/2017,2.0,2.0,197.0,39.0,-37.8579,144.8181
ID588469369,3 Gooch St,2,h,1010000.0,3/06/2017,1.0,0.0,245.0,49.0,-37.75789,145.00136
ID881509679,92/99 Whiteman St,2,u,650000.0,6/08/2016,2.0,1.0,0.0,19.0,-37.8273,144.9556
ID441924314,3/23 Christine St,2,u,556000.0,3/12/2016,1.0,1.0,195.0,24.0,-37.7405,145.0876
ID551218006,34 Bridge St,2,h,875000.0,18/06/2016,1.0,1.0,95.0,109.0,-37.8381,144.9465
ID215730792,3 Ikara Cl,3,h,560000.0,26/08/2017,1.0,1.0,565.0,49.0,-37.73574,144.77898000000005
ID945116782,106 Malpas St,3,h,880000.0,16/09/2017,1.0,0.0,480.0,129.0,-37.73346,145.01506
ID307623828,3/33 St Georges Rd,2,u,632500.0,29/04/2017,1.0,1.0,0.0,51.0,-37.8817,145.0032
ID513933316,5/67 Oxford St,2,h,680000.0,23/04/2016,1.0,1.0,229.0,19.0,-37.8368,144.8768
ID238559605,2 Mirrim Pl,4,h,802500.0,12/11/2016,2.0,2.0,0.0,14.0,-37.705,144.9004
ID557451436,287 Plenty Rd,3,h,751000.0,3/12/2016,1.0,0.0,148.0,69.0,-37.7428,145.0081
ID336498445,386 Station St,3,h,1160000.0,27/11/2016,2.0,2.0,644.0,18.0,-37.7604,145.02100000000004
ID787814898,8 Anderson St,5,h,2100000.0,6/05/2017,3.0,3.0,468.0,94.0,-37.7822,144.9065
ID844860810,204/4 Hotham Rd,3,u,500000.0,29/04/2017,1.0,1.0,1218.0,7.0,-37.736,144.8886
ID170669840,1 Villers Sq,4,h,1580000.0,19/11/2016,2.0,1.0,504.0,99.0,-37.8834,145.0635
ID997040849,76 Powell St,3,h,857700.0,3/06/2017,1.0,1.0,325.0,89.0,-37.72589,144.99681
ID932952853,7 Churchill Av,3,h,681000.0,22/07/2017,1.0,2.0,523.0,69.0,-37.78242,144.86955
ID460580960,27 Halpin St,3,h,1445000.0,24/06/2017,1.0,2.0,613.0,69.0,-37.76883,144.94592
ID695702451,5/16 Omar St,3,t,640000.0,3/12/2016,2.0,2.0,214.0,99.0,-37.7806,144.8714
ID205650112,14 Kerr St,4,h,1562000.0,24/06/2017,2.0,1.0,592.0,59.0,-37.81175,145.14213999999996
ID489419867,40 Devereaux St,4,h,840000.0,18/06/2016,1.0,2.0,704.0,59.0,-37.7143,144.9096
ID427099681,7 Cartwright St,4,h,1350000.0,4/03/2017,2.0,2.0,590.0,64.0,-37.7151,144.9194
ID547174913,3/15 Woodvale Cl,2,u,420000.0,15/07/2017,1.0,1.0,0.0,39.0,-37.744440000000004,144.92084
ID457411687,5/8 Swan St,2,t,380000.0,10/09/2016,1.0,1.0,161.0,9.0,-37.7251,144.8621
ID522614228,4/38 Porter St,2,u,570000.0,20/05/2017,1.0,1.0,479.0,54.0,-37.8489,144.9903
ID959577287,101/416 Gore St,2,u,715000.0,26/07/2016,1.0,1.0,0.0,119.0,-37.7967,144.9836
ID631165976,26 Nelson St,2,h,808000.0,18/03/2017,1.0,0.0,124.0,111.0,-37.8562,144.9848
ID437444090,394 Manningham Rd,3,h,1202000.0,27/11/2016,2.0,2.0,649.0,54.0,-37.7794,145.1224
ID988469527,55 Epsom Rd,3,h,1335000.0,25/02/2017,1.0,3.0,459.0,119.0,-37.7917,144.9251
ID899726525,39 Elizabeth St,4,h,1860000.0,13/05/2017,3.0,2.0,620.0,13.0,-37.9228,145.0555
ID303044903,6 Como St,4,h,2345000.0,1/07/2017,2.0,2.0,803.0,99.0,-37.78122000000001,145.0336
ID210718874,221/253 Bridge Rd,2,u,419000.0,22/07/2017,1.0,1.0,3512.0,8.0,-37.81828,144.99788999999996
ID498096001,31 Milford St,2,h,1030000.0,15/10/2016,1.0,2.0,470.0,89.0,-37.8471,144.8769
ID239491019,3 Coromandel Ct,4,h,1751000.0,12/08/2017,3.0,4.0,646.0,21.0,-37.77387,145.0889
ID118822780,42 Parlington St,4,h,4750000.0,27/05/2017,3.0,2.0,967.0,23.0,-37.81792,145.06243999999995
ID794780733,68 Willonga St,5,h,1150000.0,20/05/2017,2.0,2.0,702.0,79.0,-37.7253,144.9146
ID233657811,25 Morawa Dr,3,h,862000.0,22/07/2017,2.0,2.0,246.0,17.0,-37.928290000000004,145.19647
ID228337565,47 Radio St,4,h,690000.0,18/06/2016,2.0,1.0,270.0,7.0,-37.7798,144.8659
ID427154579,93 The Fairway,3,h,607500.0,28/08/2016,2.0,1.0,468.0,49.0,-37.7125,145.0306
ID789554205,5 Birch Sq,3,h,1350000.0,27/11/2016,2.0,2.0,133.0,19.0,-37.8183,145.0079
ID708501886,3/14 Oconnor St,2,t,771000.0,28/05/2016,2.0,2.0,0.0,79.0,-37.7736,144.9725
ID214574249,7/7 Chandler Hwy,2,t,650000.0,24/09/2016,1.0,0.0,0.0,59.0,-37.7848,145.025
ID283923034,1 Hinkler St,3,h,925000.0,8/04/2017,1.0,2.0,597.0,69.0,-37.7888,144.8511
ID829465696,41 Shrewsbury St,4,h,1595000.0,19/08/2017,1.0,2.0,581.0,59.0,-37.91291,145.05996000000005
ID207783730,6/90 Clowes St,2,u,945000.0,24/06/2017,1.0,1.0,708.0,49.0,-37.83041,144.98494
ID864371592,13b Kingfisher Ct,3,u,394000.0,29/07/2017,2.0,4.0,287.0,6.0,-37.87895,144.6707
ID601544222,1 Bruce St,4,h,1655000.0,12/08/2017,2.0,4.0,651.0,111.0,-37.90296,145.02261000000001
ID488582705,1206/483 Swanston St,2,u,520000.0,19/11/2016,1.0,1.0,4051.0,14.0,-37.8072,144.9623
ID567360120,4/77 Pine St,2,u,430000.0,28/08/2016,1.0,1.0,152.0,49.0,-37.7173,144.9976
ID312915805,16/51 Buckley St,1,u,265000.0,19/11/2016,1.0,1.0,0.0,49.0,-37.758,144.9237
ID985832519,1B High St,3,h,900000.0,12/08/2017,2.0,2.0,280.0,41.0,-37.71147,145.08003
ID677098407,105 Kerferd Rd,2,h,1275000.0,3/09/2016,1.0,0.0,120.0,119.0,-37.8459,144.9555
ID499991346,47 Shepherd St,3,h,871000.0,13/05/2017,1.0,1.0,267.0,119.0,-37.7951,144.8901
ID964372143,56 Middle St,3,h,725000.0,13/05/2017,1.0,2.0,585.0,6.0,-37.71,144.9464
ID763137215,2/42 Wattle Dr,3,h,677500.0,8/04/2017,1.0,2.0,245.0,49.0,-37.716,145.0769
ID666232451,6/51 Armadale St,2,u,704000.0,19/11/2016,1.0,1.0,0.0,50.0,-37.8573,145.0186
ID594818246,45 Chesterville Dr,4,h,900000.0,26/07/2016,1.0,2.0,741.0,69.0,-37.9229,145.0673
ID904979498,1/40 Grandview Rd,3,u,691000.0,24/06/2017,1.0,1.0,170.0,79.0,-37.736979999999996,144.98686
ID174035979,16 Grosvenor St,3,h,1680000.0,26/08/2017,1.0,3.0,325.0,69.0,-37.87202,144.99123
ID885122471,2 McMicken La,2,h,1200000.0,15/10/2016,3.0,1.0,91.0,18.0,-37.853,145.0069
ID398091244,2/1 Barbara St,2,u,605000.0,19/11/2016,1.0,2.0,180.0,39.0,-37.9363,145.0564
ID371441265,296 Gooch St,2,h,740000.0,14/05/2016,1.0,2.0,467.0,61.0,-37.7606,145.0241
ID755059296,16 Greenview Ct,3,h,930000.0,18/03/2017,1.0,2.0,580.0,19.0,-37.9369,145.0751
ID127578650,3/15 Mitchell St,2,u,735000.0,6/05/2017,1.0,2.0,173.0,49.0,-37.7586,144.9653
ID301586436,41 Balerno Cir,3,h,504000.0,6/08/2016,2.0,1.0,215.0,15.0,-37.709,144.8964
ID594671142,26 Hayes St,3,h,1474000.0,19/11/2016,1.0,0.0,304.0,109.0,-37.7642,145.001
ID511724746,154 Brunswick Rd,3,h,1050000.0,17/09/2016,1.0,1.0,239.0,109.0,-37.7776,144.963
ID901941779,8/25 Karingal St,2,u,505000.0,12/08/2017,1.0,1.0,297.0,12.0,-37.76793,145.29283999999996
ID787888170,312 Glenferrie Rd,4,h,4700000.0,14/05/2016,3.0,2.0,879.0,24.0,-37.8527,145.0301
ID781908898,403/79 River St,2,u,850000.0,22/04/2017,2.0,2.0,17200.0,19.0,-37.8361,144.9966
ID963689070,4/34 Gladstone St,2,u,650000.0,29/04/2017,1.0,1.0,136.0,44.0,-37.7449,144.9754
ID243958454,23 Yarraburn Cl,4,h,1100000.0,14/05/2016,2.0,1.0,274.0,15.0,-37.9257,145.0735
ID463717732,1/33 Yeovil Rd,3,t,1625000.0,10/12/2016,2.0,2.0,365.0,39.0,-37.8526,145.0853
ID786166967,2/25 Cloverdale Rd,3,u,1162000.0,10/09/2016,2.0,2.0,281.0,79.0,-37.8579,145.0736
ID936844779,5/67 Flinders St,2,u,601000.0,28/05/2016,1.0,1.0,82.0,18.0,-37.7556,145.0062
ID625793475,18 Curzon St,4,h,1720000.0,22/05/2016,2.0,2.0,676.0,22.0,-37.9198,145.0137
ID931289623,36 Scott Gr,3,h,690000.0,27/11/2016,1.0,2.0,556.0,49.0,-37.7174,145.0361
ID292450277,87 Ballard St,4,h,1000000.0,1/07/2017,2.0,2.0,438.0,29.0,-37.81789000000001,144.86744
ID911096691,1/74 Miranda Rd,3,h,605000.0,13/05/2017,1.0,2.0,371.0,69.0,-37.7068,145.0193
ID458842802,7 Brooke Ct,3,h,540000.0,29/07/2017,2.0,2.0,580.0,29.0,-37.87447,144.66771
ID741306460,9 Stanger St,3,h,796000.0,14/05/2016,1.0,1.0,464.0,59.0,-37.8151,144.8638
ID353405420,216 Sunshine Av,3,h,572000.0,23/09/2017,1.0,2.0,554.0,44.0,-37.73522,144.82044
ID414253881,33A Scott Gr,3,h,1710000.0,18/03/2017,1.0,3.0,557.0,19.0,-37.8556,145.0499
ID740303677,155 Nicholson St,3,h,825000.0,23/04/2016,1.0,2.0,577.0,99.0,-37.7459,144.9773
ID654230795,6 Staff St,4,h,920000.0,28/05/2016,1.0,0.0,274.0,79.0,-37.8039,144.8929
ID349047567,57 Guildford Rd,5,h,3625000.0,9/09/2017,3.0,2.0,1011.0,109.0,-37.821909999999995,145.09212
ID356496718,6 Ridley Av,3,h,720000.0,8/07/2017,1.0,1.0,582.0,54.0,-37.76063,144.8603
ID597770643,1/6 Blackburn St,2,h,1250000.0,20/05/2017,2.0,1.0,323.0,39.0,-37.823,145.0993
ID586249588,1/12 Brooks St,3,t,460000.0,15/10/2016,1.0,1.0,314.0,49.0,-37.7066,144.9733
ID655351413,21/62 Wattletree Rd,2,u,821000.0,12/08/2017,2.0,1.0,3093.0,13.0,-37.86165,145.02148
ID968603289,22 Watersedge Cl,4,h,1040000.0,15/07/2017,2.0,2.0,633.0,44.0,-37.88214,145.25058
ID863283705,8 Tourello St,3,h,960000.0,24/06/2017,1.0,0.0,781.0,34.0,-37.8105,145.20106
ID548012865,69 Greville St,4,h,2668000.0,26/08/2017,2.0,2.0,383.0,9.0,-37.84879,144.98882
ID678617251,15A Riversdale Av,3,h,825000.0,22/07/2017,2.0,1.0,355.0,29.0,-38.07196,145.13036
ID157676760,8/9 The Avenue,1,u,410000.0,8/07/2017,1.0,1.0,0.0,59.0,-37.85687,144.99748
ID283001148,4/224 Arthur St,2,t,805000.0,24/09/2016,1.0,1.0,140.0,11.0,-37.7697,145.0203
ID654833869,66 Noone St,2,h,780000.0,4/06/2016,1.0,1.0,155.0,139.0,-37.7934,144.9922
ID225898630,17 Rowland St,4,h,2850000.0,3/09/2016,2.0,2.0,1388.0,69.0,-37.82,145.1118
ID569782810,345 Waterdale Rd,3,h,1110000.0,6/05/2017,1.0,2.0,730.0,49.0,-37.754,145.0453
ID192925107,13 Stewart St,2,h,1360000.0,8/10/2016,1.0,1.0,690.0,89.0,-37.9056,145.0288
ID348085231,13/8 The Strand,2,t,830000.0,7/11/2016,1.0,1.0,84.0,39.0,-37.8581,144.9015
ID501488094,484 Waterdale Rd,3,h,915000.0,25/02/2017,1.0,1.0,748.0,69.0,-37.7416,145.0481
ID822559121,12 Beverley Gr,3,h,1800000.0,3/09/2017,2.0,2.0,786.0,104.0,-37.87834,145.12131000000005
ID555193396,6/7 Houston St,3,u,392250.0,8/07/2017,1.0,1.0,227.0,7.0,-37.64836,145.03139
ID972241190,54 Ardoyne St,3,h,940000.0,6/05/2017,2.0,2.0,572.0,69.0,-37.7966,144.8256
ID352573516,52 Royena Rd,3,h,890000.0,26/07/2016,1.0,1.0,698.0,59.0,-37.9369,145.0578
ID179161319,1/25 Gardiner Pde,3,t,1501000.0,27/05/2017,2.0,2.0,313.0,24.0,-37.85385,145.06473
ID912125683,12 Stanley St,3,h,756000.0,13/08/2016,1.0,1.0,353.0,94.0,-37.7915,144.8733
ID469420321,94 Burlington St,3,h,880000.0,7/11/2016,1.0,1.0,670.0,94.0,-37.9033,145.1006
ID173573236,29a Abinger St,3,h,1185000.0,30/07/2016,2.0,1.0,135.0,6.0,-37.8202,145.0013
ID624895985,1 Granville St,3,h,932000.0,9/09/2017,1.0,1.0,639.0,83.0,-37.70234,144.92123
ID199230087,117A Willsmere Rd,3,h,1110000.0,27/05/2017,2.0,2.0,200.0,24.0,-37.7948,145.0364
ID581508636,62 Campbell St,4,h,4005000.0,28/05/2016,3.0,3.0,800.0,10.0,-37.8022,145.0565
ID923548089,1/10 Fremont Pde,4,h,515000.0,8/04/2017,2.0,2.0,332.0,13.0,-37.7962,144.8064
ID572364870,28 Newry St,3,h,1280000.0,27/05/2017,1.0,1.0,185.0,69.0,-37.82488,145.00642
ID384769035,55 Bennett St,4,h,1975000.0,20/05/2017,2.0,2.0,600.0,52.0,-37.771,145.0318
ID707061671,3/51 Middleborough Rd,2,u,580000.0,6/05/2017,1.0,1.0,153.0,49.0,-37.8528,145.1318
ID909421562,295 Greenwood Dr,3,h,860500.0,24/09/2016,2.0,0.0,767.0,59.0,-37.7084,145.0788
ID595334594,6/21 Wynnstay Rd,3,t,1450000.0,19/11/2016,2.0,3.0,1958.0,24.0,-37.8526,145.0106
ID988696241,7/13 Stephen St,2,u,501344.0,13/08/2016,1.0,1.0,0.0,69.0,-37.8106,144.8957
ID917890254,5 Tennyson St,4,t,2221000.0,3/06/2017,2.0,2.0,381.0,19.0,-37.953720000000004,145.00608
ID547897763,5/1 Dargi Grn,3,t,360000.0,8/07/2017,1.0,1.0,0.0,10.0,-37.70624,144.74042
ID971600153,111 Stokes St,4,h,2160000.0,28/05/2016,3.0,2.0,232.0,22.0,-37.8392,144.9378
ID805939077,78 Dickens St,4,h,2200000.0,27/06/2016,3.0,2.0,348.0,119.0,-37.8748,144.9778
ID807243071,579 Warrigal Rd,3,h,700000.0,22/05/2016,0.0,0.0,456.0,59.0,-37.9314,145.0808
ID711571559,7/72 Victoria St,2,u,390000.0,18/03/2017,1.0,1.0,0.0,49.0,-37.7689,144.97799999999995
ID571323932,22 The Grand,4,h,1510500.0,27/05/2017,2.0,4.0,251.0,79.0,-37.7839,144.89431000000005
ID808098239,27 Burroughs Rd,5,h,3812000.0,29/07/2017,4.0,2.0,729.0,7.0,-37.806,145.09511
ID507150079,7 Batman St,3,h,1100000.0,27/05/2017,1.0,0.0,390.0,119.0,-37.79977,144.88887
ID625179071,7/72 Williams Rd,2,u,550000.0,13/05/2017,1.0,1.0,72.0,43.0,-37.8542,145.0024
ID545116239,121 Leila Rd,3,h,1500000.0,16/09/2017,2.0,2.0,603.0,12.0,-37.90206,145.05598
ID369496655,498 Waterdale Rd,3,h,950000.0,19/11/2016,1.0,2.0,800.0,59.0,-37.7406,145.0483
ID601876898,4 Vears Rd,3,h,1830000.0,25/02/2017,2.0,3.0,724.0,79.0,-37.8619,145.0879
ID683392377,54 Benkel Av,4,h,920000.0,16/09/2017,2.0,2.0,530.0,49.0,-37.965309999999995,145.08502
ID247312453,61 Molesworth St,3,h,3650000.0,22/08/2016,2.0,3.0,1353.0,59.0,-37.8006,145.0218
ID249890599,39 Emu Pde,3,h,551000.0,4/03/2017,1.0,0.0,610.0,64.0,-37.6885,144.9092
ID300228098,34 Alfred St,3,h,3065000.0,30/07/2016,2.0,3.0,773.0,109.0,-37.8107,145.05100000000004
ID373428811,6/374 Dandenong Rd,2,u,610000.0,22/07/2017,1.0,1.0,816.0,12.0,-37.86068,145.01121
ID912793115,317/99 Dow St,2,u,520000.0,8/04/2017,1.0,1.0,2166.0,7.0,-37.8415,144.9412
ID490543512,1/514 Bluff Rd,3,t,820000.0,27/11/2016,2.0,2.0,0.0,69.0,-37.9368,145.0242
ID830418349,3/673 Geelong Rd,3,t,430000.0,10/09/2016,1.0,1.0,131.0,99.0,-37.8203,144.8386
ID385197238,6/2 Murrell St,2,u,320500.0,17/09/2016,1.0,1.0,3056.0,49.0,-37.7042,144.9214
ID746127321,68 Thompson St,3,h,680000.0,6/08/2016,1.0,2.0,570.0,49.0,-37.7591,144.8542
ID521766087,401/228 The Avenue,3,u,1770000.0,3/06/2017,2.0,1.0,2431.0,20.0,-37.78212,144.95755
ID770378052,2/17 Ashburn Gr,3,t,900000.0,19/11/2016,2.0,2.0,153.0,29.0,-37.8655,145.0808
ID177051489,204/2 Alexander St,2,u,533000.0,22/08/2016,1.0,1.0,0.0,7.0,-37.8042,144.892
ID898685686,36A Warrigal Rd,3,h,1400000.0,24/06/2017,2.0,2.0,259.0,12.0,-37.9905,145.06999
ID843942984,118 Barries Rd,3,h,283000.0,23/09/2017,1.0,0.0,362.0,43.0,-37.68755,144.56887
ID622657594,8/99 Barton St,2,u,300000.0,22/08/2016,1.0,1.0,0.0,5.0,-37.7112,144.9989
ID600854260,1A Aberfeldie St,3,h,1195000.0,9/09/2017,2.0,2.0,381.0,113.0,-37.75629,144.90626
ID705457088,36 May St,4,t,2000000.0,23/09/2017,3.0,2.0,360.0,9.0,-37.937,145.01169
ID278151293,80 Dover St,3,t,1017500.0,19/08/2017,2.0,2.0,459.0,16.0,-37.78273,144.92358000000004
ID828971513,191 Scotchmer St,3,h,1300000.0,26/07/2016,1.0,1.0,203.0,129.0,-37.7834,144.9862
ID706416270,23 Wisteria Dr,4,h,1253000.0,12/08/2017,2.0,2.0,760.0,19.0,-37.67935,145.05728
ID606238313,5/78 Moonya Rd,3,t,675000.0,4/06/2016,2.0,1.0,0.0,29.0,-37.8972,145.0642
ID939851826,20 Emma St,2,h,1015000.0,8/10/2016,1.0,0.0,117.0,14.0,-37.7948,144.9861
ID446611007,10 Malcolm Rd,4,h,820000.0,17/06/2017,2.0,2.0,841.0,3.0,-37.76917,145.29265
ID937460710,15 Alberta St,3,h,845000.0,1/07/2017,1.0,2.0,422.0,69.0,-37.796440000000004,144.86388
ID378691228,1/100 St Elmo Rd,2,u,450000.0,19/11/2016,1.0,1.0,0.0,59.0,-37.759,145.047
ID698976240,4/6 Crown Av,2,u,600000.0,29/07/2017,1.0,1.0,0.0,52.0,-38.00765,145.0935
ID301098299,38/568 New St,2,u,520000.0,13/05/2017,1.0,1.0,1647.0,15.0,-37.8847,144.9972
ID180899571,3/204 The Boulevard,1,u,405000.0,28/08/2016,1.0,1.0,0.0,59.0,-37.7767,145.0543
ID754631041,41 Barkly St,3,h,1679000.0,19/11/2016,2.0,0.0,326.0,99.0,-37.7776,144.9751
ID746453916,66 Crookston Rd,3,h,953000.0,15/07/2017,1.0,2.0,743.0,49.0,-37.70964,145.0171
ID738865863,109/311 Burwood Rd,1,u,370000.0,28/08/2016,1.0,1.0,0.0,5.0,-37.8222,145.0329
ID798466754,7/844 Malvern Rd,2,u,471500.0,30/07/2016,1.0,1.0,0.0,39.0,-37.8503,145.0185
ID861107714,8 Meakin St,3,h,705000.0,27/05/2017,1.0,1.0,538.0,59.0,-37.70178,145.0851
ID427641896,1/112 Roslyn St,2,u,1300000.0,4/03/2017,2.0,2.0,329.0,79.0,-37.9172,145.004
ID917151658,1/1326 Main Rd,3,t,751000.0,22/07/2017,2.0,2.0,247.0,10.0,-37.703179999999996,145.16467
ID499614269,4 Wannan Ct,3,h,800000.0,23/09/2017,1.0,2.0,602.0,39.0,-37.94146,145.11121
ID787617602,8/67 High St,2,u,700000.0,12/11/2016,1.0,1.0,0.0,131.0,-37.851,144.988
ID257413162,2/72 Dendy St,3,t,1427000.0,18/03/2017,2.0,1.0,313.0,69.0,-37.9206,145.0
ID232763072,1 Rotorua St,2,h,1012000.0,7/05/2016,1.0,1.0,0.0,109.0,-37.9002,145.02700000000004
ID677599443,26 Lyon Rd,4,h,1102500.0,7/05/2016,2.0,1.0,659.0,59.0,-37.7373,145.0847
ID908105756,4 Frampton St,2,h,1000000.0,23/09/2017,1.0,1.0,106.0,119.0,-37.861909999999995,144.98655
ID390774569,9 Kelverne St,3,h,685000.0,24/06/2017,1.0,3.0,494.0,59.0,-37.71477,144.98235
ID663059258,38 Stanhope St,3,h,632000.0,12/08/2017,1.0,4.0,697.0,59.0,-37.68557,144.93156000000005
ID567360120,4/77 Pine St,2,u,430000.0,28/08/2016,1.0,1.0,152.0,49.0,-37.7173,144.9976
ID115330893,75 Wattle Gr,3,h,815500.0,22/07/2017,2.0,2.0,434.0,59.0,-37.93228,145.15827
ID260299531,50a Rennie St,2,h,860000.0,24/09/2016,1.0,1.0,483.0,79.0,-37.7509,144.9696
ID751114392,12 Durkin St,3,h,1200000.0,8/04/2017,1.0,0.0,484.0,79.0,-37.8437,144.8809
ID767939640,68 Marks St,4,h,1400000.0,29/07/2017,2.0,2.0,426.0,89.0,-37.74892,144.95758999999995
ID645496122,60 Carrington Cr,3,h,578000.0,16/09/2017,2.0,2.0,673.0,14.0,-38.1046,145.19339
ID572789678,1 Moama St,3,h,765000.0,25/02/2017,1.0,1.0,658.0,59.0,-37.7905,144.8485
ID661961893,102 Vincent Dr,3,h,500000.0,22/07/2017,2.0,2.0,330.0,11.0,-37.64027,145.08745
ID798710040,3 Fairview Gr,5,h,3365000.0,28/05/2016,2.0,2.0,1339.0,94.0,-37.8649,145.0547
ID710292576,86 Mills St,3,h,2000000.0,16/04/2016,2.0,1.0,211.0,119.0,-37.847,144.9575
ID296753949,2b Rice St,3,t,910000.0,12/11/2016,2.0,2.0,312.0,19.0,-37.9412,145.0491
ID361333139,38 Armstrong Dr,5,h,970000.0,12/08/2017,3.0,2.0,725.0,44.0,-37.92739,145.25705
ID787495899,33 Joy St,4,h,856500.0,19/11/2016,2.0,2.0,599.0,11.0,-37.7896,144.8559
ID547861857,95 Marion St,3,h,1070000.0,3/09/2017,1.0,3.0,693.0,69.0,-37.83511,144.84905
ID503707812,91 Market Rd,3,h,472000.0,3/06/2017,1.0,0.0,700.0,69.0,-37.89363,144.65693000000005
ID919452613,8/17 Myoora Rd,2,u,540000.0,22/05/2016,1.0,1.0,0.0,56.0,-37.8432,145.0206
ID460425939,10 Matthews St,3,h,960000.0,15/07/2017,2.0,2.0,655.0,34.0,-37.79352,144.84318000000005
ID282370993,160 Hyde St,3,h,871000.0,3/12/2016,2.0,2.0,428.0,54.0,-37.8167,144.8965
ID501537976,60A Kennedy St,3,t,935000.0,3/06/2017,2.0,2.0,244.0,19.0,-37.9203,145.08074
ID855376509,30 Bennett St,3,h,375000.0,22/07/2017,1.0,2.0,584.0,36.0,-37.712109999999996,144.57703999999995
ID155047497,26 MacFarland St,3,h,1310000.0,12/08/2017,1.0,1.0,302.0,109.0,-37.76085,144.95834
ID210018209,73 Heath St,1,h,1014000.0,26/07/2016,1.0,0.0,151.0,9.0,-37.835,144.9444
ID329523918,25 Bungay St,4,h,761000.0,22/04/2017,1.0,2.0,696.0,63.0,-37.7054,145.0809
ID977798113,25 Minogue St,6,h,1875000.0,23/09/2017,2.0,2.0,697.0,57.0,-37.79032,145.05408
ID408870326,2/17 Bulla Rd,2,u,396000.0,3/09/2016,1.0,1.0,0.0,44.0,-37.7428,144.9086
ID398672870,56 Wills St,2,h,920000.0,15/10/2016,1.0,2.0,334.0,89.0,-37.8577,145.0576
ID898370424,1 Scarborough Pl,2,t,650000.0,4/06/2016,1.0,1.0,79.0,49.0,-37.7914,144.9344
ID340729822,4 Greenhill Ct,5,h,1336000.0,4/03/2017,3.0,3.0,736.0,39.0,-37.7683,145.0881
ID743689290,41 Dellfield Dr,4,h,1165000.0,3/12/2016,2.0,4.0,673.0,47.0,-37.7647,145.1246
ID979965606,4/130 Tennyson St,3,h,1380000.0,19/08/2017,1.0,2.0,1730.0,18.0,-37.8797,144.99088999999995
ID235703070,9/343 Church St,2,u,715000.0,8/07/2017,1.0,2.0,2427.0,59.0,-37.822759999999995,144.99866
ID946722582,28 Garfield Av,4,h,1450000.0,23/09/2017,2.0,2.0,590.0,79.0,-37.90433,145.05163000000005
ID661552603,6/53 Tennyson St,2,u,500000.0,20/05/2017,1.0,1.0,0.0,59.0,-37.8777,144.9891
ID837558290,14 Adamson St,3,h,1400000.0,27/11/2016,1.0,1.0,827.0,67.0,-37.74800000000001,145.0625
ID618913317,9 Willow Dr,3,h,850000.0,18/03/2017,1.0,2.0,766.0,20.0,-37.7522,144.8518
ID515416787,303 Bambra Rd,3,h,1160500.0,8/10/2016,2.0,1.0,358.0,89.0,-37.8965,145.0269
ID932952853,7 Churchill Av,3,h,681000.0,22/07/2017,1.0,2.0,523.0,69.0,-37.78242,144.86955
ID341807028,64 Kerferd St,5,h,1360000.0,18/03/2017,3.0,2.0,463.0,89.0,-37.7379,144.9022
ID393101506,2/111 Marlborough St,3,u,800000.0,18/06/2016,2.0,2.0,252.0,25.0,-37.9085,145.0683
ID397468897,14 Rose St,4,h,1150000.0,26/07/2016,2.0,2.0,43.0,89.0,-37.7456,144.9469
ID384779947,52 Paloma St,4,h,1330000.0,17/06/2017,2.0,2.0,566.0,69.0,-37.91503,145.07997
ID481744246,54 Grove Rd,4,h,1270000.0,22/05/2016,2.0,4.0,604.0,69.0,-37.7435,145.0686
ID580953870,7 Maidstone St,2,h,1030000.0,27/05/2017,1.0,1.0,743.0,6.0,-37.8732,144.81331
ID901000900,16 Border Dr,3,h,703000.0,3/09/2016,2.0,2.0,683.0,24.0,-37.7402,144.8591
ID568341941,7/37 Groom St,2,u,885500.0,18/06/2016,2.0,2.0,0.0,14.0,-37.7937,144.9983
ID309972763,15 Fairy St,3,h,1796000.0,10/09/2016,1.0,1.0,614.0,64.0,-37.7768,145.0409
ID440766598,2/16 Braemar St,2,u,520000.0,15/10/2016,1.0,2.0,0.0,44.0,-37.7486,144.9072
ID393288800,11 Wewak Pde,2,h,735000.0,3/12/2016,1.0,3.0,602.0,59.0,-37.7455,145.0452
ID889859484,112/86 Altona St,2,u,438000.0,8/07/2017,1.0,1.0,4267.0,17.0,-37.796620000000004,144.9254
ID940532169,17 Florence St,4,h,2100000.0,17/06/2017,3.0,2.0,608.0,19.0,-37.917770000000004,145.01798
ID675794166,4 Meaney St,2,h,906000.0,3/12/2016,1.0,1.0,221.0,99.0,-37.8829,145.0129
ID998282554,63 The Corso,4,h,2475000.0,26/08/2017,3.0,3.0,665.0,3.0,-37.99508,145.07544
ID846875303,24 Marcus Rd,3,h,1204000.0,12/08/2017,1.0,2.0,716.0,44.0,-37.77006,145.10429
ID366746255,20 Fyfe Dr,3,h,1181000.0,24/06/2017,1.0,2.0,656.0,24.0,-37.77158,145.11816000000005
ID156309569,20 Glenora Av,2,h,1150000.0,29/07/2017,1.0,2.0,1800.0,29.0,-37.79578,145.27461
ID595765601,16 Beevers St,3,h,680000.0,19/11/2016,1.0,3.0,551.0,59.0,-37.8254,144.8514
ID128581463,52 Emily St,3,h,1200000.0,14/05/2016,2.0,1.0,588.0,26.0,-37.8937,145.0648
ID221525652,23 Longwood Dr,4,h,680000.0,17/06/2017,2.0,2.0,656.0,39.0,-37.63878,145.05577
ID406236191,18 Yvette Dr,3,h,860000.0,8/07/2017,2.0,2.0,537.0,18.0,-37.92778,145.24796
ID191772658,98 Osborne St,3,h,1460000.0,7/05/2016,1.0,2.0,373.0,49.0,-37.8661,144.8973
ID490228438,14 Garth Pl,3,h,441000.0,12/08/2017,2.0,1.0,210.0,39.0,-37.63463,145.03863
ID897340281,44 Reid St,4,t,1700000.0,18/03/2017,3.0,2.0,127.0,11.0,-37.7855,144.9789
ID850202474,22/49 Walsh St,1,u,567500.0,19/11/2016,1.0,1.0,0.0,49.0,-37.8368,144.9848
ID271587169,19 Newry St,3,h,1400000.0,17/06/2017,1.0,0.0,364.0,49.0,-37.85538,145.00013
ID949851883,44 Mitchell St,5,h,1300000.0,15/07/2017,2.0,0.0,479.0,99.0,-37.75915,144.96755
ID598312265,18 Carlyle St,4,h,3050000.0,11/03/2017,3.0,1.0,710.0,52.0,-37.8187,145.0577
ID124629789,184 Finch St,3,h,3310000.0,20/05/2017,3.0,2.0,662.0,31.0,-37.8605,145.0455
ID285228123,65 Gatehouse Dr,3,h,852000.0,3/09/2016,1.0,1.0,166.0,19.0,-37.7929,144.9197
ID392646481,2/23 Broughton Rd,2,u,610000.0,15/10/2016,1.0,1.0,102.0,49.0,-37.8288,145.1048
ID137456467,12 Gordon St,3,h,1040000.0,27/11/2016,1.0,2.0,595.0,13.0,-37.8394,144.8669
ID384779947,52 Paloma St,4,h,1330000.0,17/06/2017,2.0,2.0,566.0,69.0,-37.91503,145.07997
ID998475309,2/119 Summerhill Rd,3,t,760000.0,8/04/2017,1.0,1.0,219.0,8.0,-37.796,144.8819
ID407280621,65 Farview St,3,h,762700.0,25/02/2017,1.0,4.0,597.0,59.0,-37.7097,144.9351
ID803503816,8/289 Barkly St,2,u,470000.0,15/07/2017,1.0,0.0,0.0,69.0,-37.873490000000004,144.9798
ID483193507,4/27 Roseberry St,2,u,440000.0,19/11/2016,1.0,1.0,0.0,49.0,-37.7749,144.9137
ID997462143,6/157 Beach St,2,u,1100000.0,7/05/2016,2.0,1.0,0.0,13.0,-37.8392,144.9257
ID460924294,2306/265 Exhibition St,2,u,780000.0,4/06/2016,2.0,1.0,0.0,22.0,-37.8095,144.9691
ID831198398,56 Victoria St,5,h,2250000.0,24/06/2017,3.0,2.0,640.0,39.0,-37.95698,145.0166
ID994529709,17/51 Chapel St,1,u,360000.0,16/07/2016,1.0,1.0,0.0,89.0,-37.8627,144.9912
ID441568418,18 Melrose St,2,h,1010000.0,19/11/2016,2.0,0.0,109.0,119.0,-37.795,144.942
ID496952081,5 Kennedy St,5,h,1475000.0,17/09/2016,2.0,2.0,729.0,9.0,-37.9191,145.075
ID531338311,53 Clydebank Rd,3,h,1115000.0,30/07/2016,1.0,1.0,688.0,69.0,-37.7577,144.8892
ID213766367,20 Miller St,4,h,535000.0,27/05/2017,2.0,2.0,808.0,49.0,-37.580890000000004,144.72183
ID300692807,7/110 Maribyrnong Rd,1,u,222000.0,17/06/2017,1.0,0.0,0.0,7.0,-37.77154,144.91597
ID600473036,18/703 Orrong Rd,2,u,1100000.0,15/10/2016,2.0,2.0,0.0,5.0,-37.8414,145.0137
ID636344667,6 Speight St,4,h,1280000.0,16/07/2016,2.0,1.0,458.0,89.0,-37.8427,144.879
ID494749569,2/86 Phoenix St,2,u,315000.0,8/10/2016,1.0,1.0,14.0,29.0,-37.7756,144.8345
ID593408713,239 Chesterville Rd,3,h,860000.0,22/04/2017,1.0,2.0,601.0,49.0,-37.9409,145.0602
ID331320805,41 Davies St,4,h,772500.0,4/06/2016,2.0,2.0,595.0,36.0,-37.7116,144.9468
ID183462877,129 Albert St,3,h,850000.0,3/06/2017,1.0,2.0,485.0,139.0,-37.7383,145.02348999999995
ID875641100,32 Ailsa Gr,3,h,1850000.0,18/03/2017,2.0,2.0,684.0,19.0,-37.7659,145.0392
ID189012032,28 The Avenue,4,h,2550000.0,27/05/2017,2.0,2.0,726.0,94.0,-37.931670000000004,145.00134
ID739393415,2 Derry St,4,h,1740000.0,29/04/2017,2.0,2.0,746.0,69.0,-37.7595,144.8993
ID969715909,3/37 Atkins St,2,t,672000.0,17/09/2016,1.0,1.0,0.0,39.0,-37.8094,145.0446
ID748316834,27 Olver St,2,t,715000.0,4/03/2017,1.0,1.0,132.0,10.0,-37.7343,145.0025
ID516969287,14 Marjory St,3,h,631000.0,22/07/2017,1.0,2.0,584.0,54.0,-37.6819,145.02293999999995
ID602832456,10/20 Chambers St,3,u,1430000.0,27/05/2017,3.0,1.0,913.0,23.0,-37.84014000000001,144.99441000000004
ID508945158,18 Francis St,2,h,780000.0,20/05/2017,1.0,1.0,433.0,79.0,-37.7521,145.0516
ID532479144,11 Asquith St,4,h,750000.0,3/09/2017,1.0,6.0,953.0,119.0,-37.69693,145.0079
ID524813427,5 Croker St,3,h,716000.0,16/04/2016,1.0,2.0,268.0,129.0,-37.8472,144.8754
ID897602954,60 Alexandra Pde,4,h,1010000.0,16/09/2017,3.0,1.0,193.0,64.0,-37.79395,144.98899
ID205905911,6/30 Warrenwood Pl,2,u,400000.0,17/06/2017,1.0,1.0,196.0,7.0,-38.164390000000004,145.1978
ID403706336,78 McMahon Rd,4,h,902000.0,1/07/2017,2.0,3.0,700.0,59.0,-37.71073,145.01775
ID963787267,2 McGregor St,4,h,2375000.0,7/05/2016,2.0,1.0,653.0,109.0,-37.8292,145.0852
ID127162142,8 Charles St,4,h,1530000.0,8/10/2016,2.0,2.0,486.0,129.0,-37.8258,145.1116
ID388996377,11 Eucalyptus Dr,3,t,680000.0,20/05/2017,3.0,2.0,2787.0,7.0,-37.7794,144.872
ID549041395,3/26 Middle Rd,2,t,570000.0,16/04/2016,1.0,2.0,98.0,10.0,-37.7677,144.8925
ID889515731,82 Cuthbert St,3,h,450000.0,22/07/2017,1.0,1.0,0.0,59.0,-37.6841,144.92818
ID723786334,27 Middle St,3,h,730000.0,10/12/2016,1.0,2.0,570.0,49.0,-37.7106,144.9491
ID955524743,13 Kiama St,2,t,610000.0,1/07/2017,1.0,1.0,182.0,4.0,-37.711999999999996,144.91761
ID160059012,2/22 Joffre Rd,3,u,585000.0,6/08/2016,1.0,1.0,180.0,10.0,-37.718,144.94
ID158698500,60 Hannan St,5,h,2760000.0,3/06/2017,2.0,2.0,646.0,51.0,-37.86253,144.88748
ID323908450,65 Napier St,3,h,1467000.0,7/11/2016,2.0,2.0,188.0,119.0,-37.7532,144.9178
ID218352534,11 Perceval St,3,h,498500.0,9/09/2017,2.0,2.0,688.0,119.0,-37.57367,144.71842
ID180934287,233 Nelson Pl,4,h,1860000.0,27/11/2016,2.0,0.0,199.0,139.0,-37.8615,144.9023
ID122032823,40 Anzac Av,5,h,790000.0,12/08/2017,2.0,2.0,1034.0,34.0,-37.638259999999995,145.1991
ID506018506,10 Rankins Rd,2,h,850000.0,1/07/2017,1.0,0.0,133.0,20.0,-37.78906,144.93173000000004
ID206307474,7 Holmhurst Ct,4,t,1700000.0,29/04/2017,3.0,2.0,312.0,69.0,-37.9295,145.0144
ID686218788,74 Fromer St,4,h,1328000.0,10/09/2016,2.0,2.0,610.0,79.0,-37.9291,145.0472
ID809159200,1/54 Furneaux Gr,5,h,760000.0,20/05/2017,2.0,2.0,411.0,64.0,-37.7784,145.091
ID651926472,2B Creek Pde,4,h,2270000.0,10/12/2016,2.0,2.0,440.0,27.0,-37.7852,144.9975
ID294023256,27 Charming St,3,h,1255000.0,13/08/2016,2.0,2.0,614.0,59.0,-37.9346,145.0302
ID799767674,26 Bridport St,3,h,2800000.0,15/07/2017,2.0,2.0,216.0,159.0,-37.83863,144.96208000000001
ID542018677,15 Anthony Dr,3,h,1028800.0,26/08/2017,2.0,1.0,470.0,59.0,-37.88751,145.13545
ID197798955,98 Wonga Rd,4,h,999999.0,23/09/2017,2.0,2.0,657.0,7.0,-37.79053,145.2472
ID857898399,68 Somers St,3,h,1465500.0,8/04/2017,2.0,3.0,620.0,7.0,-37.8445,145.1005
ID400295111,152 Park Dr,2,h,2200000.0,15/10/2016,2.0,1.0,190.0,144.0,-37.7928,144.9575
ID676179029,2/703 Orrong Rd,2,u,1450000.0,8/10/2016,2.0,2.0,0.0,49.0,-37.8414,145.0137
ID861107714,8 Meakin St,3,h,705000.0,27/05/2017,1.0,1.0,538.0,59.0,-37.70178,145.0851
ID478365422,64 Tucker Rd,3,h,1095000.0,17/09/2016,2.0,1.0,581.0,54.0,-37.9286,145.0495
ID422913015,657 Gilbert Rd,3,h,777000.0,27/11/2016,1.0,2.0,480.0,59.0,-37.7265,144.9918
ID185313880,2/25 Acland St,2,t,1077000.0,13/05/2017,1.0,1.0,455.0,129.0,-37.8636,144.9749
ID702432261,4/57 Chapel St,1,u,480000.0,27/05/2017,1.0,1.0,0.0,89.0,-37.86305,144.9911
ID758064132,41 Colin Rd,2,h,955500.0,19/08/2017,1.0,3.0,697.0,66.0,-37.91698,145.11225
ID777367109,21 Conley St,3,h,660000.0,24/06/2017,1.0,2.0,550.0,59.0,-37.98298,145.17932
ID569991499,27 Metung St,4,h,2410000.0,24/09/2016,2.0,1.0,685.0,79.0,-37.8056,145.071
ID700869053,27 Quick St,4,h,975000.0,3/12/2016,1.0,1.0,733.0,59.0,-37.7194,144.9307
ID847104689,33a Durrant St,2,h,1532000.0,22/08/2016,1.0,2.0,411.0,109.0,-37.9095,145.004
ID870160102,2/50 Gibdon St,3,h,1100000.0,17/06/2017,2.0,2.0,1212.0,9.0,-37.82982,145.01038
ID991988120,6 Conrad Ct,3,h,1001000.0,17/06/2017,1.0,1.0,671.0,49.0,-37.802,145.15828
ID422524179,5 Reys Cl,4,h,1285000.0,16/09/2017,2.0,4.0,656.0,39.0,-38.00394,145.1025
ID748674390,103 Pleasant Rd,5,h,1900000.0,28/05/2016,3.0,3.0,0.0,49.0,-37.8351,145.0554
ID148867706,9A Montgomery St,3,t,1627000.0,8/07/2017,2.0,2.0,304.0,12.0,-38.00644000000001,145.08478
ID659193006,83 Normanby Rd,4,h,2513000.0,17/09/2016,1.0,2.0,832.0,79.0,-37.8036,145.0545
ID638883167,4/6 Linton St,2,u,504000.0,10/12/2016,1.0,1.0,0.0,39.0,-37.7712,145.0455
ID988582724,26 Bardia St,2,h,735000.0,22/07/2017,1.0,4.0,600.0,69.0,-37.74798,145.03765
ID382302848,14 Wanbrow Av,5,h,1950000.0,3/09/2017,3.0,2.0,743.0,70.0,-37.80235,145.09311
ID836981169,83 Pindara Bvd,4,h,965000.0,26/08/2017,2.0,6.0,869.0,12.0,-38.14508,145.18787
ID512438680,6 Hamilton St,3,h,2275000.0,17/09/2016,2.0,1.0,359.0,19.0,-37.8965,145.0022
ID286263817,14 Hancock Dr,3,h,791100.0,23/09/2017,2.0,2.0,640.0,39.0,-37.89335,145.27924
ID726673122,19 Station Rd,2,h,940000.0,27/05/2017,1.0,0.0,207.0,109.0,-37.8071,144.88912
ID902972273,649 Queensberry St,2,h,940000.0,29/04/2017,1.0,0.0,89.0,129.0,-37.9394,145.089
ID639026312,2/11 Winfield Rd,2,t,860000.0,10/12/2016,2.0,2.0,204.0,27.0,-37.8008,145.10399999999996
ID990156129,23 Fiddes St,3,h,1020000.0,3/09/2016,1.0,3.0,771.0,59.0,-37.9375,145.0474
ID472744692,124c Hoffmans Rd,3,t,720000.0,15/10/2016,1.0,2.0,190.0,20.0,-37.7418,144.8918
ID556201689,6/105 Cochrane St,2,u,845000.0,29/07/2017,1.0,1.0,100.0,59.0,-37.89569,144.99881000000005
ID811572452,62 Lester Av,4,h,520000.0,15/07/2017,2.0,1.0,699.0,69.0,-37.73986,144.81105
ID229992125,164 Liardet St,3,h,1342000.0,4/06/2016,2.0,2.0,173.0,119.0,-37.8375,144.941
ID667344119,43 Mitchell St,4,h,1275000.0,23/09/2017,1.0,2.0,518.0,139.0,-37.758829999999996,144.96749
ID324950523,5 Democrat Dr,3,h,700000.0,23/09/2017,2.0,3.0,795.0,39.0,-37.85229,145.30281000000005
ID605089260,2 Kerang Av,3,h,760000.0,8/07/2017,1.0,1.0,606.0,69.0,-37.72057,145.02615
ID526578918,48 Majestic Bvd,5,h,720008.0,26/08/2017,3.0,2.0,528.0,13.0,-38.08902,145.29006
ID908322004,1/547 Neerim Rd,4,t,1340000.0,13/05/2017,4.0,2.0,370.0,13.0,-37.8919,145.0781
ID120451510,2/94 Truganini Rd,2,u,737000.0,27/06/2016,1.0,1.0,165.0,29.0,-37.8927,145.0539
ID886439005,9 Goodman St,2,h,955000.0,29/04/2017,1.0,0.0,1328.0,139.0,-37.7731,144.9568
ID684559977,11 Caldwell St,3,h,721000.0,8/10/2016,1.0,2.0,674.0,43.0,-37.7102,144.9362
ID575491274,67 Hawkhurst St,3,h,1115000.0,1/07/2017,1.0,2.0,446.0,29.0,-37.82004000000001,144.87174
ID442337830,8A Finchley Av,4,h,831000.0,19/08/2017,3.0,3.0,708.0,12.0,-37.70317,144.91396
ID829689510,7/88 Stephen St,2,u,782000.0,4/03/2017,1.0,1.0,1555.0,6.0,-37.8156,144.8943
ID249890599,39 Emu Pde,3,h,551000.0,4/03/2017,1.0,0.0,610.0,64.0,-37.6885,144.9092
ID884180185,37 Alamein Rd,3,h,392000.0,28/05/2016,1.0,2.0,372.0,59.0,-37.7383,145.0414
ID630642963,11b Lilac St,4,t,1005000.0,16/07/2016,2.0,2.0,296.0,13.0,-37.9197,145.05700000000004
ID182839947,134 John St,3,h,575500.0,8/10/2016,1.0,1.0,701.0,69.0,-37.6953,144.9397
ID830740447,6 Orlando St,3,h,1475000.0,29/04/2017,1.0,2.0,251.0,57.0,-37.9411,145.0011
ID922189091,3/59 Poath Rd,2,h,692000.0,25/02/2017,1.0,2.0,0.0,28.0,-37.8929,145.0765
ID323178963,1/143 Bradshaw St,2,u,762000.0,3/06/2017,1.0,1.0,195.0,9.0,-37.74125,144.89502
ID494380905,60 Sydney St,3,h,720000.0,10/12/2016,1.0,1.0,706.0,89.0,-37.7801,144.8229
ID957255280,38A Carroll Cr,3,h,470000.0,19/08/2017,1.0,1.0,290.0,7.0,-37.6669,145.04234
ID886622861,180 Station St,3,h,1402000.0,16/07/2016,1.0,0.0,108.0,119.0,-37.8332,144.945
ID745292899,2/77 Dover Rd,2,u,543000.0,8/04/2017,1.0,1.0,0.0,45.0,-37.8536,144.8981
ID580691250,4/2 Paul St,4,t,1090000.0,22/04/2017,3.0,2.0,242.0,24.0,-37.7866,145.1046
ID443318984,14A Kernot St,3,h,775000.0,25/02/2017,1.0,1.0,435.0,19.0,-37.8279,144.873
ID976461010,17/29 Bendall St,3,u,570000.0,11/03/2017,1.0,2.0,0.0,29.0,-37.7897,144.9239
ID595348023,5/9 Sandown Rd,4,t,900000.0,13/05/2017,3.0,2.0,0.0,8.0,-37.7831,144.9209
ID472440875,35 Fugosia St,3,h,508000.0,29/07/2017,1.0,2.0,680.0,54.0,-37.99581,145.24098
ID638538842,11 Webb St,2,h,1322500.0,26/08/2017,1.0,1.0,731.0,69.0,-37.85621,145.10641
ID634792005,2 Murnong St,4,h,1048700.0,23/04/2016,2.0,2.0,452.0,20.0,-37.774,144.877
ID524480232,5/171 Hotham St,2,u,490000.0,29/04/2017,1.0,0.0,601.0,59.0,-37.8757,144.998
ID605124827,44 Saunders St,3,h,1600000.0,3/06/2017,2.0,2.0,737.0,89.0,-37.75107,144.95112
ID660603532,53 Ronald St,3,h,735000.0,4/03/2017,1.0,1.0,427.0,9.0,-37.7303,144.9773
ID131906548,27 Barrett St,4,h,2140000.0,27/06/2016,2.0,1.0,183.0,139.0,-37.8434,144.9495
ID553463655,20 Crellin Gr,2,h,1900000.0,13/05/2017,1.0,3.0,633.0,59.0,-37.8427,145.0824
ID715767723,5 Black St,3,h,1700000.0,18/06/2016,2.0,1.0,0.0,74.0,-37.7763,144.9597
ID760832892,17 Brigantia St,4,h,550000.0,12/08/2017,2.0,2.0,400.0,8.0,-37.621140000000004,144.99715
ID521523005,118 Bindi St,3,h,500000.0,25/02/2017,1.0,4.0,677.0,44.0,-37.695,144.9271
ID436626358,10 Efficient St,3,h,568000.0,17/06/2017,2.0,2.0,420.0,7.0,-37.62145,145.01051
ID226796070,271 Heidelberg Rd,2,h,1300000.0,23/09/2017,1.0,0.0,320.0,99.0,-37.78398,145.01124
ID609573707,2 Oxford St,2,h,892000.0,8/10/2016,1.0,1.0,335.0,59.0,-37.8452,145.0959
ID644648014,132 Ludstone St,4,h,1800000.0,23/09/2017,1.0,2.0,800.0,59.0,-37.93492,145.01758
ID122048267,103 Cassinia Cr,3,h,430000.0,15/07/2017,1.0,2.0,522.0,59.0,-37.64683,144.91106000000005
ID283769166,25 Percy St,5,h,2550000.0,10/12/2016,3.0,2.0,642.0,89.0,-37.8096,145.0735
ID506771035,19 Balcombe St,3,h,555000.0,4/06/2016,1.0,1.0,565.0,79.0,-37.7781,144.8451
ID338262194,25 Thomson St,3,h,873000.0,13/05/2017,1.0,2.0,625.0,79.0,-37.7876,144.8752
ID775648797,99 Merton St,3,h,1900000.0,27/05/2017,1.0,1.0,186.0,129.0,-37.84431,144.95532
ID919957896,40 Powell St,3,h,832000.0,27/11/2016,1.0,2.0,496.0,84.0,-37.7263,145.0003
ID501473066,1a Primrose St,4,h,1605000.0,18/03/2017,1.0,1.0,230.0,19.0,-37.8549,144.9948
ID490041172,15 Rathmines Rd,3,h,2151000.0,3/12/2016,1.0,2.0,780.0,19.0,-37.8198,145.0465
ID330502307,3 Dunlop St,3,h,1555000.0,4/06/2016,2.0,2.0,731.0,84.0,-37.8666,145.0676
ID669105371,82 Patrick St,6,h,1900000.0,1/07/2017,4.0,3.0,1063.0,4.0,-37.909,145.12059
ID371599577,13 Sussex St,5,h,1415000.0,17/09/2016,3.0,6.0,705.0,14.0,-37.864000000000004,144.8437
ID393374582,14 Peveril St,2,h,730000.0,24/06/2017,1.0,0.0,190.0,129.0,-37.75676,144.96286
ID784135100,50 Well St,3,h,1975000.0,3/12/2016,1.0,2.0,432.0,89.0,-37.9172,144.996
ID853907518,64 Muriel St,4,h,1006000.0,22/07/2017,2.0,1.0,270.0,11.0,-37.74266,144.88577
ID916631920,638 Hawthorn Rd,4,h,2000000.0,12/08/2017,2.0,2.0,619.0,111.0,-37.90344,145.01856
ID303650592,15 Biscop Rd,2,h,1191000.0,27/11/2016,1.0,2.0,756.0,69.0,-37.94,145.0449
ID282124986,15 Ellendale St,3,h,1038000.0,28/05/2016,2.0,1.0,207.0,16.0,-37.7893,145.092
ID872846917,6 Reynolds Av,5,h,1490000.0,22/07/2017,3.0,4.0,677.0,109.0,-37.90893,145.18489
ID876914740,6/371 Toorak Rd,3,u,1880000.0,3/12/2016,2.0,2.0,0.0,51.0,-37.8399,145.0003
ID316921543,108/33 Jeffcott St,3,u,660000.0,7/05/2016,2.0,1.0,0.0,21.0,-37.8118,144.9526
ID312915805,16/51 Buckley St,1,u,265000.0,19/11/2016,1.0,1.0,0.0,49.0,-37.758,144.9237
ID908445905,24 Mater St,2,h,1025000.0,3/06/2017,2.0,1.0,108.0,14.0,-37.79531,144.9863
ID845459234,101 Northumberland Rd,3,t,600000.0,17/09/2016,3.0,1.0,205.0,79.0,-37.7212,144.9326
ID507466783,6/87 Earl St,3,t,752000.0,8/04/2017,2.0,2.0,0.0,39.0,-37.794000000000004,145.033
ID976361542,13/297 Dorcas St,3,t,1750000.0,12/08/2017,3.0,2.0,100.0,38.0,-37.83453,144.95782
ID440325458,4/667 Barkly St,1,u,375000.0,8/04/2017,1.0,1.0,60.0,37.0,-37.7971,144.8703
ID884180185,37 Alamein Rd,3,h,392000.0,28/05/2016,1.0,2.0,372.0,59.0,-37.7383,145.0414
ID862467768,27 Andrew St,2,h,865000.0,12/08/2017,2.0,0.0,70.0,49.0,-37.85143,144.98574
ID361703167,5/170 St Kilda Rd,2,u,450000.0,22/08/2016,1.0,1.0,841.0,13.0,-37.8612,144.985
ID783927313,5 Kallara Gr,3,t,730000.0,7/11/2016,1.0,2.0,250.0,19.0,-37.7861,144.8897
ID122832312,1/35 Marne St,3,u,1630000.0,10/09/2016,1.0,1.0,0.0,39.0,-37.8359,144.9839
ID909951528,7 Grieve St,4,h,2575000.0,10/09/2016,3.0,2.0,657.0,13.0,-37.7981,145.0904
ID601627654,6/32 Walsh St,2,u,562000.0,1/07/2017,1.0,1.0,0.0,49.0,-37.90286,145.04772
ID731977880,8 Buckingham St,3,h,876000.0,4/03/2017,2.0,2.0,204.0,29.0,-37.8012,144.8921
ID823669568,172 Maribyrnong Rd,3,h,930000.0,16/07/2016,1.0,1.0,305.0,119.0,-37.7711,144.9122
ID581508636,62 Campbell St,4,h,4005000.0,28/05/2016,3.0,3.0,800.0,10.0,-37.8022,145.0565
ID926369561,4/71 Rosanna Rd,3,t,550000.0,6/08/2016,1.0,2.0,235.0,29.0,-37.7519,145.0696
ID503428888,15 Yarra St,3,h,620000.0,22/07/2017,2.0,1.0,863.0,44.0,-37.653909999999996,145.37389
ID945116782,106 Malpas St,3,h,880000.0,16/09/2017,1.0,0.0,480.0,129.0,-37.73346,145.01506
ID941085107,18 Albert Pl,3,t,802000.0,15/07/2017,2.0,2.0,251.0,21.0,-37.98146,145.11715
ID764011741,405/270 King St,2,u,360000.0,7/11/2016,1.0,0.0,0.0,45.0,-37.8138,144.9548
ID187560996,14 Morris St,4,h,1955000.0,29/04/2017,2.0,2.0,1033.0,54.0,-37.7929,145.1184
ID181330340,42/2 Horizon Dr,2,u,488000.0,16/04/2016,2.0,2.0,0.0,9.0,-37.7752,144.8925
ID469060840,114 Shields St,2,h,957000.0,22/05/2016,1.0,0.0,165.0,119.0,-37.7847,144.9341
ID813649831,15 Wattlebird Ct,4,h,1750000.0,9/09/2017,2.0,4.0,514.0,19.0,-37.84248,145.10181
ID175343178,4/5 Rose St,2,u,425000.0,10/09/2016,1.0,2.0,115.0,39.0,-37.871,144.8185
ID850976041,118 Westgarth St,4,h,1822000.0,13/05/2017,1.0,8.0,728.0,119.0,-37.7825,145.0072
ID462340157,4 Leckie St,3,h,1327500.0,16/04/2016,1.0,2.0,700.0,11.0,-37.9228,145.0476
ID325870577,53 Queens Pde,3,h,783000.0,10/12/2016,2.0,1.0,603.0,79.0,-37.7194,144.9678
ID374087831,25 Egan St,3,h,1074000.0,12/11/2016,1.0,0.0,245.0,119.0,-37.8138,144.9921
ID178229923,19 Wheatsheaf Rd,3,h,895000.0,6/05/2017,1.0,2.0,697.0,64.0,-37.7097,144.9256
ID789554205,5 Birch Sq,3,h,1350000.0,27/11/2016,2.0,2.0,133.0,19.0,-37.8183,145.0079
ID424974668,15 George St,3,h,800000.0,8/10/2016,1.0,2.0,570.0,69.0,-37.718,144.9999
ID362339648,2/709 Pascoe Vale Rd,3,u,470000.0,18/06/2016,1.0,2.0,187.0,5.0,-37.7098,144.9163
ID710632570,53 Bridge St,4,h,3325000.0,25/02/2017,3.0,2.0,627.0,22.0,-37.9449,145.0068
ID563658306,4/129 Mountain View Rd,2,t,625000.0,19/08/2017,2.0,1.0,189.0,13.0,-37.70835,145.11795
ID806638385,3/141 Hickford St,2,u,352000.0,19/11/2016,1.0,1.0,0.0,49.0,-37.703,145.014
ID882344093,1/74 Balwyn Rd,3,t,1100000.0,28/05/2016,2.0,1.0,259.0,79.0,-37.8161,145.0809
ID469063014,19 Osborne Av,4,h,749000.0,8/07/2017,2.0,2.0,561.0,49.0,-37.68269,144.88601
ID743494431,2/12 Kensington Rd,2,u,980000.0,12/08/2017,1.0,0.0,0.0,59.0,-37.83873,145.00133
ID920889732,30 Station St,3,h,1755000.0,4/02/2016,1.0,1.0,931.0,49.0,-37.854,145.1195
ID616274291,1 Curzon St,3,h,1975000.0,13/05/2017,1.0,2.0,688.0,69.0,-37.9212,145.013
ID193909294,201/1177 Glen Huntly Rd,2,u,445000.0,24/09/2016,1.0,1.0,0.0,109.0,-37.8894,145.0431
ID152505316,4/161 Victoria Rd,2,u,680000.0,13/08/2016,1.0,1.0,0.0,74.0,-37.8233,145.0575
ID425125626,3 Milton Wy,3,h,600000.0,9/09/2017,2.0,2.0,785.0,44.0,-37.637,145.20166
ID617299070,2/6 Redan St,2,u,481000.0,16/07/2016,1.0,1.0,0.0,53.0,-37.8596,144.9889
ID853906119,22 Hutchinson St,5,h,1385000.0,28/08/2016,2.0,2.0,664.0,69.0,-37.9241,145.048
ID932275734,521 Canning St,2,h,1520000.0,3/09/2017,1.0,1.0,193.0,119.0,-37.78406,144.97494
ID277868274,7 Brisbane St,3,h,810000.0,23/09/2017,1.0,3.0,492.0,69.0,-37.73084,144.92238
ID786745094,27 The Strand,2,h,1250000.0,1/07/2017,1.0,1.0,450.0,125.0,-37.76121,144.92525
ID645496122,60 Carrington Cr,3,h,578000.0,16/09/2017,2.0,2.0,673.0,14.0,-38.1046,145.19339
ID840489201,18 James St,2,h,895000.0,17/09/2016,2.0,1.0,193.0,17.0,-37.858000000000004,144.9005
ID269552799,19/9 Fabian Ct,2,t,408000.0,18/06/2016,1.0,1.0,85.0,39.0,-37.7732,144.8927
ID871915389,101/8 Wells St,2,u,732000.0,29/07/2017,1.0,0.0,3901.0,23.0,-37.82618,144.96891000000005
ID308261176,741 Elgar Rd,3,h,1391000.0,23/04/2016,1.0,1.0,764.0,54.0,-37.7934,145.1207
ID699934874,69 Glenlyon Rd,3,h,1210000.0,28/08/2016,2.0,1.0,280.0,129.0,-37.7719,144.9661
ID499531498,34 Oamaru St,3,h,1160000.0,16/04/2016,3.0,2.0,425.0,99.0,-37.7684,145.0099
ID662242403,18/54 Epsom Rd,2,u,390000.0,25/02/2017,1.0,1.0,1957.0,7.0,-37.7731,144.9074
ID469388602,22 Emerald St,4,h,1345000.0,10/12/2016,2.0,2.0,740.0,69.0,-37.7517,144.8873
ID760239815,4 Range St,3,h,2000000.0,12/06/2016,1.0,2.0,821.0,94.0,-37.8459,145.0644
ID897602954,60 Alexandra Pde,4,h,1010000.0,16/09/2017,3.0,1.0,193.0,64.0,-37.79395,144.98899
ID635507147,6/75 Pender St,1,u,277500.0,12/11/2016,1.0,1.0,0.0,84.0,-37.7542,145.0098
ID761004997,37 Darling St,3,h,1210000.0,22/08/2016,1.0,2.0,730.0,79.0,-37.9034,145.0796
ID516585499,15 Craig St,3,h,880000.0,10/12/2016,1.0,2.0,584.0,39.0,-37.7435,144.8798
ID538621686,85 Roberts Rd,4,h,900000.0,27/11/2016,2.0,3.0,628.0,44.0,-37.7256,144.8739
ID812553886,15 Maughan Pde,5,h,1660000.0,28/05/2016,3.0,2.0,737.0,69.0,-37.7975,145.0961
ID506019478,360 Thompsons Rd,4,h,790000.0,8/10/2016,2.0,5.0,671.0,49.0,-37.7631,145.1108
ID389978753,9 Rylie La,3,h,680000.0,10/09/2016,2.0,2.0,225.0,17.0,-37.7699,144.8791
ID209354452,220 Napier St,3,h,1160000.0,27/06/2016,1.0,1.0,651.0,19.0,-37.7416,144.9204
ID419670231,24 Sunnyside Rd,3,h,2000000.0,1/07/2017,1.0,2.0,1028.0,54.0,-37.89757,145.11825
ID999648059,12 Omama Rd,4,h,1641000.0,28/08/2016,1.0,1.0,560.0,49.0,-37.8897,145.0709
ID783747538,28 Ellington St,4,h,1960000.0,16/04/2016,3.0,4.0,708.0,49.0,-37.8923,145.0177
ID814249244,153 Coronation St,3,h,967500.0,18/03/2017,1.0,1.0,325.0,129.0,-37.812,144.8804
ID794531117,127A Parer Rd,3,t,856000.0,27/05/2017,2.0,1.0,300.0,8.0,-37.71917,144.87819
ID231230283,10/229 Brighton Rd,2,u,526000.0,27/11/2016,1.0,0.0,0.0,89.0,-37.8809,144.9947
ID715023787,4/118 Rose St,1,t,580000.0,19/08/2017,1.0,1.0,782.0,21.0,-37.796170000000004,144.97982
ID451168523,7 Eve Ct,3,h,582500.0,19/08/2017,1.0,0.0,947.0,47.0,-37.59604,144.94021999999995
ID542671605,42 Argyle Wy,4,h,1045000.0,15/07/2017,3.0,2.0,728.0,29.0,-37.88009,145.22736
ID666256663,8 Station Pl,3,h,880000.0,19/11/2016,1.0,3.0,463.0,94.0,-37.7905,144.8359
ID157866724,2/49 Quinn Gr,3,u,560000.0,14/05/2016,1.0,2.0,352.0,19.0,-37.7459,144.8673
ID952331376,5 Tuxen Ct,5,h,1655000.0,27/11/2016,2.0,2.0,679.0,69.0,-37.9291,145.0283
ID689140521,50 Towerhill Rd,4,h,755000.0,15/07/2017,1.0,1.0,622.0,59.0,-38.16146,145.12997
ID195698771,3/12 Brenbeal St,2,u,730000.0,28/08/2016,1.0,1.0,130.0,59.0,-37.812,145.0876
ID338780831,24 Crawford Av,4,h,614000.0,8/07/2017,2.0,2.0,680.0,11.0,-37.967,145.19658
ID124137524,42 Tyler St,3,h,725000.0,3/06/2017,1.0,2.0,590.0,69.0,-37.73314,145.03437
ID545474168,13/84 Campbell Rd,1,u,365000.0,12/11/2016,1.0,0.0,2274.0,52.0,-37.8339,145.055
ID806319075,12 Stott St,3,h,1225000.0,23/04/2016,1.0,2.0,307.0,109.0,-37.764,144.9976
ID441924314,3/23 Christine St,2,u,556000.0,3/12/2016,1.0,1.0,195.0,24.0,-37.7405,145.0876
ID602292871,1 Beacon Ct,4,h,975000.0,19/11/2016,2.0,2.0,953.0,44.0,-37.7625,145.1256
ID760502788,480 Whitehorse Rd,3,h,1700000.0,4/06/2016,1.0,1.0,763.0,89.0,-37.8148,145.0965
ID898850281,7 Stewart St,4,h,1340000.0,18/03/2017,2.0,0.0,297.0,119.0,-37.8108,144.888
ID256009919,1509/152 Sturt St,2,u,569000.0,11/03/2017,2.0,1.0,3878.0,7.0,-37.8255,144.9665
ID351033805,10/117 Anderson Rd,1,u,185000.0,22/08/2016,1.0,1.0,2347.0,44.0,-37.7852,144.8272
ID418095152,26 Malcolm Ct,5,h,1600000.0,1/07/2017,3.0,3.0,728.0,59.0,-37.8778,145.11236
ID447794120,16 Southampton St,3,h,1320000.0,6/05/2017,1.0,1.0,482.0,59.0,-37.7951,144.8861
ID937467146,17/16 Mawbey St,1,u,392000.0,17/06/2017,1.0,1.0,0.0,18.0,-37.78993,144.92306000000005
ID847342037,2/20 Crookston Rd,2,u,352000.0,3/12/2016,1.0,1.0,117.0,7.0,-37.7101,145.0223
ID284273590,1/147 Purinuan Rd,2,u,415000.0,3/09/2016,1.0,1.0,189.0,7.0,-37.708,145.0181
ID548542355,83 The Grove,3,h,1090000.0,27/05/2017,2.0,1.0,512.0,51.0,-37.752359999999996,144.97587
ID981915480,4/29 Margaret St,2,t,585500.0,18/03/2017,1.0,1.0,161.0,6.0,-37.7218,144.9188
ID568006413,137 East Rd,3,h,512000.0,26/08/2017,1.0,1.0,576.0,36.0,-38.10505,145.15328
ID142252641,66 Almond St,3,h,1520000.0,25/02/2017,1.0,2.0,622.0,24.0,-37.7882,145.0882
ID929105897,25 James St,5,h,2505000.0,27/05/2017,2.0,0.0,739.0,92.0,-37.81708,145.09566
ID552912257,7 Tottenham Gr,4,h,1030000.0,29/07/2017,2.0,2.0,492.0,49.0,-37.92299000000001,145.19156
ID203840454,10 Dawe Ct,3,h,515000.0,3/06/2017,1.0,2.0,565.0,22.0,-37.868520000000004,144.68039
ID448890023,9 Bawden Ct,4,h,770000.0,13/05/2017,1.0,2.0,596.0,59.0,-37.7195,144.9456
ID818850223,63 Kent St,2,h,751000.0,7/05/2016,1.0,1.0,118.0,129.0,-37.7807,144.9288
ID246551633,24 Dermot St,1,u,505000.0,22/07/2017,1.0,1.0,102.0,19.0,-37.746790000000004,145.01394
ID855620031,57 North Rd,3,h,740000.0,28/08/2016,1.0,2.0,607.0,59.0,-37.7546,144.857
ID936610781,44 Mendip Rd,4,h,930000.0,20/05/2017,1.0,3.0,635.0,12.0,-37.7205,145.0165
ID306194115,24 Willis St,3,h,1770000.0,28/08/2016,2.0,1.0,720.0,64.0,-37.7938,145.0838
ID752474878,414 Waverley Rd,3,h,1220000.0,29/04/2017,1.0,2.0,446.0,39.0,-37.8784,145.0654
ID829673170,25 Gardenvale Rd,4,h,1700000.0,24/06/2017,2.0,2.0,627.0,94.0,-37.89918,145.01679
ID953130633,116 The Avenue,3,h,1035000.0,19/11/2016,1.0,2.0,675.0,99.0,-37.8261,144.872
ID211187393,3 Atkinson St,3,h,1080000.0,28/08/2016,1.0,1.0,348.0,109.0,-37.7799,145.011
ID219072816,14 Woodmason St,3,h,1437000.0,16/04/2016,1.0,1.0,313.0,109.0,-37.8511,145.0317
ID195196413,12/5 Summerlea Gr,1,u,275000.0,13/05/2017,1.0,0.0,479.0,49.0,-37.8292,145.0322
ID551856753,268 Faraday St,1,u,435000.0,13/08/2016,1.0,1.0,0.0,19.0,-37.7982,144.9651
ID952331376,5 Tuxen Ct,5,h,1655000.0,27/11/2016,2.0,2.0,679.0,69.0,-37.9291,145.0283
ID799016288,10 Sheridan Wy,3,h,490000.0,29/07/2017,2.0,2.0,400.0,23.0,-37.625840000000004,144.92506
ID296200182,10/81 Alma Rd,2,u,495000.0,4/03/2017,1.0,1.0,0.0,49.0,-37.8616,144.9907
ID399669796,7 Newton St,5,h,2100000.0,16/07/2016,2.0,2.0,1025.0,104.0,-37.8286,145.1094
ID982161367,16 Leigh St,3,h,899000.0,10/09/2016,1.0,1.0,583.0,59.0,-37.9312,145.0795
ID234153254,39 Wilkinson St,2,h,800000.0,3/09/2017,1.0,0.0,140.0,129.0,-37.76806,144.9598
ID777367109,21 Conley St,3,h,660000.0,24/06/2017,1.0,2.0,550.0,59.0,-37.98298,145.17932
ID419158285,4 William St,4,h,1750000.0,22/07/2017,2.0,2.0,766.0,49.0,-37.88043,145.13062
ID687701815,15 Rodman St,2,h,810000.0,4/03/2017,1.0,2.0,950.0,89.0,-37.702,145.0071
ID929105897,25 James St,5,h,2505000.0,27/05/2017,2.0,0.0,739.0,92.0,-37.81708,145.09566
ID134230632,52 Severn St,3,h,865000.0,18/06/2016,1.0,1.0,189.0,89.0,-37.8159,144.8795
ID483356133,20 Ramptons Rd,5,h,850000.0,29/07/2017,2.0,1.0,813.0,39.0,-37.7068,145.13232
ID746929520,75 Derby St,4,h,1910000.0,10/12/2016,3.0,2.0,277.0,3.0,-37.8007,145.0374
ID674948073,3/67 Livingstone St,2,u,630000.0,24/09/2016,1.0,1.0,199.0,89.0,-37.7666,145.0356
ID960119159,25 Myrniong Gr,5,h,3750000.0,6/05/2017,3.0,4.0,858.0,59.0,-37.8395,145.0534
ID247503138,1508/50 Lorimer St,2,u,800000.0,27/06/2016,2.0,2.0,0.0,18.0,-37.8249,144.9476
ID120543545,21 Warner Av,4,h,1920000.0,19/08/2017,3.0,2.0,391.0,3.0,-37.866640000000004,145.08597
ID420848836,7 Garnet St,3,h,1053000.0,27/06/2016,1.0,1.0,343.0,94.0,-37.7589,144.9529
ID678078611,65 Huskisson Av,3,h,652000.0,23/09/2017,1.0,2.0,533.0,39.0,-37.6605,145.01218
ID157069502,12 Gordon Ct,3,h,1450000.0,12/08/2017,2.0,2.0,1555.0,79.0,-37.8357,145.22564
ID878005384,6 Boyne St,4,h,1240000.0,8/04/2017,2.0,2.0,456.0,3.0,-37.7317,144.9829
ID856496595,6/47 Railway Pl W,2,u,360000.0,10/12/2016,1.0,1.0,0.0,129.0,-37.7826,144.9273
ID680799128,20 Ajax St,4,h,1620000.0,16/07/2016,2.0,1.0,654.0,59.0,-37.7885,145.0854
ID589360403,68 Bournian Av,4,h,1625000.0,23/09/2017,3.0,2.0,224.0,69.0,-37.73545,144.92164
ID449738244,8 Gawler Ct,4,h,1865000.0,6/05/2017,2.0,2.0,609.0,14.0,-37.8149,145.11
ID661053941,19 Thomas St,3,h,2325000.0,7/05/2016,2.0,2.0,1133.0,89.0,-37.8426,145.0943
ID386609033,29 Winchester St,2,h,1015000.0,14/05/2016,1.0,1.0,228.0,109.0,-37.7685,144.9183
ID404834508,30 Borrowdale Rd,3,h,438000.0,3/09/2017,2.0,2.0,575.0,3.0,-37.66745,144.55857
ID774402457,409/216 Rouse St,2,u,665000.0,3/06/2017,2.0,1.0,1472.0,9.0,-37.840959999999995,144.93791000000004
ID522674656,47 Naroo St,3,h,1750000.0,27/11/2016,2.0,3.0,613.0,76.0,-37.8056,145.0688
ID262551626,15 Caroline St,3,h,1460000.0,27/05/2017,1.0,0.0,192.0,119.0,-37.78992,144.99845
ID584398951,30 Kinrade St,3,h,1316000.0,6/08/2016,1.0,2.0,715.0,70.0,-37.9072,145.0762
ID253454409,101/26 Beaurepaire Pde,2,u,455000.0,12/08/2017,1.0,1.0,0.0,4.0,-37.79975,144.88368
ID652720906,10 Alexander Cl,3,h,560000.0,15/07/2017,2.0,2.0,543.0,24.0,-37.7143,144.77096
ID414752145,6a Tobruk St,3,t,975000.0,4/06/2016,2.0,2.0,632.0,6.0,-37.7813,145.102
ID541490896,31 Elder Pde,3,h,1500000.0,28/05/2016,2.0,3.0,440.0,89.0,-37.7524,144.9074
ID205173564,34 Clee St,4,h,1680000.0,3/06/2017,2.0,2.0,568.0,12.0,-37.90688,145.02827
ID514443042,155 Westbourne Gr,3,h,1510000.0,30/07/2016,1.0,3.0,327.0,119.0,-37.7741,144.9971
ID655965365,10 Seattle St,4,h,1500000.0,7/05/2016,2.0,2.0,610.0,54.0,-37.784,145.0878
ID127488845,23A Havelock St,2,h,1120000.0,8/04/2017,1.0,0.0,135.0,89.0,-37.8661,144.9802
ID478117775,12/132 Princes St,2,u,556000.0,16/07/2016,2.0,1.0,0.0,10.0,-37.784,144.9356
ID339887947,1/183 Kooyong Rd,2,u,857000.0,22/08/2016,0.0,0.0,0.0,56.0,-37.8458,145.0221
ID849994070,9 Lord St,2,h,620000.0,10/12/2016,1.0,2.0,0.0,7.0,-37.8852,145.0462
ID351899098,245 Grange Rd,4,h,1500000.0,16/04/2016,2.0,2.0,862.0,49.0,-37.8993,145.0447
ID122794274,3/8 Severn St,3,h,1225000.0,28/08/2016,2.0,2.0,282.0,22.0,-37.7936,145.0697
ID436492217,1 Heape Wy,5,h,1100000.0,23/09/2017,3.0,2.0,649.0,7.0,-37.78958,145.23886000000005
ID291050177,44 Athelstan Rd,5,h,3320000.0,28/05/2016,4.0,2.0,741.0,10.0,-37.8422,145.064
ID709247070,111/112 Pier St,2,u,440000.0,11/02/2017,1.0,1.0,0.0,54.0,-37.8659,144.83100000000005
ID754698790,8/7 Passfield St,2,u,521500.0,3/09/2016,1.0,1.0,0.0,59.0,-37.768,144.9408
ID720802189,3 Third Av,3,h,710000.0,19/08/2017,1.0,1.0,650.0,59.0,-38.04513,145.1346
ID458188597,231 Station St,3,h,1065000.0,23/04/2016,1.0,2.0,630.0,89.0,-37.7713,145.0196
ID912287186,3/58 Byron St,1,u,340000.0,27/06/2016,1.0,1.0,0.0,49.0,-37.8784,144.9864
ID927180269,29 Highland Av,4,h,1185000.0,26/08/2017,3.0,2.0,649.0,119.0,-37.81175,145.20501000000004
ID305897532,15 Huntingdon Rd,2,h,1575000.0,3/09/2017,1.0,5.0,587.0,39.0,-37.91567,145.05357
ID387580323,12 Yangoora Pl,4,h,900000.0,29/07/2017,3.0,1.0,807.0,44.0,-37.70077,145.12743
ID909255676,18b Marara Rd,2,h,1115000.0,22/08/2016,1.0,1.0,402.0,14.0,-37.8967,145.0313
ID667495033,34 Drysdale St,2,h,635000.0,10/12/2016,1.0,1.0,608.0,54.0,-37.7293,145.0224
ID726366914,35 Warley Rd,5,h,2350000.0,3/12/2016,2.0,2.0,567.0,104.0,-37.8786,145.0495
ID505835597,1/38 Neville St,3,u,1170000.0,10/09/2016,1.0,2.0,0.0,94.0,-37.8977,145.0493
ID829035119,247 York St,3,h,1250000.0,8/10/2016,2.0,0.0,224.0,129.0,-37.8329,144.9529
ID960935236,113 Glenlyon Rd,4,h,1320000.0,15/10/2016,2.0,1.0,281.0,99.0,-37.7722,144.9681
ID397528737,24 Florence St,3,h,1900000.0,17/06/2017,1.0,0.0,738.0,27.0,-37.88351,145.15714
ID415986572,1/1 Perry St,4,t,1105000.0,30/07/2016,2.0,2.0,220.0,4.0,-37.9387,145.0398
ID772380407,11 Euston Rd,4,h,2190000.0,20/05/2017,3.0,4.0,695.0,13.0,-37.8938,145.0785
ID781458398,3/21 Lex Gr,3,u,648000.0,29/04/2017,1.0,1.0,0.0,21.0,-37.7188,144.9243
ID897037720,1/60 The Parade,2,u,690000.0,22/05/2016,1.0,1.0,0.0,119.0,-37.7728,144.9169
ID868157465,13/44 Burwood Rd,2,u,627500.0,28/08/2016,2.0,2.0,0.0,19.0,-37.8213,145.0224
ID849386524,396 Dorcas St,4,h,1620000.0,3/12/2016,2.0,0.0,163.0,129.0,-37.8355,144.951
ID934976614,41 Bossington St,3,t,800000.0,24/09/2016,1.0,2.0,252.0,69.0,-37.9167,145.0879
ID277874658,22 Almay Gr,3,h,1220000.0,6/08/2016,1.0,1.0,858.0,59.0,-37.7504,145.0643
ID422491490,36 Bell St,3,h,1870000.0,27/05/2017,1.0,1.0,271.0,109.0,-37.81816,145.03938
ID342689245,2/67 Nimmo St,2,u,645000.0,27/06/2016,1.0,1.0,170.0,25.0,-37.7475,144.8959
ID348820826,20 Bedford St,3,h,605000.0,3/09/2016,1.0,2.0,597.0,59.0,-37.711,144.9478
ID358623056,7 Canary Cl,4,h,635000.0,19/08/2017,2.0,2.0,512.0,49.0,-37.83824,144.72101999999995
ID451417273,99 Eglinton St,4,h,1940000.0,8/04/2017,2.0,3.0,675.0,99.0,-37.7686,144.912
ID392373171,76 Castlemaine St,3,h,935000.0,6/05/2017,1.0,0.0,212.0,13.0,-37.8143,144.8883
ID469394556,73 Palmerston St,4,h,1162000.0,27/11/2016,1.0,0.0,121.0,129.0,-37.7967,144.9724
ID597623009,9/63 Ormond Rd,2,u,550000.0,6/08/2016,1.0,1.0,0.0,59.0,-37.8839,144.9855
ID703982958,13 Maylands St,3,h,685000.0,18/03/2017,1.0,1.0,697.0,69.0,-37.7765,144.8175
ID227910623,502/1 Powlett St,2,u,1300000.0,12/08/2017,2.0,1.0,997.0,18.0,-37.8161,144.98494
ID675078003,2/8 Hughes St,2,h,630000.0,8/10/2016,1.0,1.0,148.0,16.0,-37.821999999999996,144.89
ID809558430,17/198 Peel St,2,u,550000.0,17/06/2017,1.0,1.0,0.0,69.0,-37.80298,144.9568
ID252353201,9 Gilmore Rd,3,h,1275000.0,12/11/2016,1.0,1.0,720.0,59.0,-37.79,145.1309
ID637316039,109 Rankins Rd,2,h,1234500.0,13/08/2016,2.0,2.0,169.0,11.0,-37.7922,144.9316
ID291555049,197 Albert St,2,h,365000.0,7/05/2016,1.0,1.0,360.0,59.0,-37.7273,145.0254
ID633255275,42 West St,3,h,725000.0,24/09/2016,2.0,4.0,560.0,49.0,-37.7136,144.9374
ID710797967,28 Rocklea Rd,4,h,1505000.0,3/12/2016,3.0,2.0,410.0,7.0,-37.7695,145.082
ID810045640,75 Farnham St,3,h,1205000.0,22/04/2017,1.0,0.0,251.0,59.0,-37.7823,144.9317
ID637047733,4/16 Rosella St,2,u,680000.0,7/05/2016,1.0,2.0,275.0,44.0,-37.8936,145.0725
ID677667725,17/1336 Main Rd,4,h,762000.0,12/08/2017,2.0,2.0,573.0,39.0,-37.70477,145.16552
ID881675388,3 Diosma Ct,3,h,1155000.0,3/09/2017,2.0,2.0,2405.0,39.0,-38.16457,145.12421
ID782167835,30 Veronica St,2,h,825000.0,3/09/2016,2.0,1.0,176.0,11.0,-37.9237,145.0763
ID431297144,50 Leinster Gr,3,h,1110000.0,17/09/2016,1.0,1.0,562.0,69.0,-37.7602,144.9878
ID711799029,20 Finlayson St,3,h,852000.0,28/08/2016,1.0,1.0,776.0,73.0,-37.7393,145.0685
ID243201918,3/1 Centre St,4,u,660000.0,17/06/2017,2.0,2.0,283.0,12.0,-37.78579000000001,144.83597
ID215465877,4/85 St David St,2,u,486000.0,24/09/2016,1.0,1.0,0.0,59.0,-37.760999999999996,145.0055
ID942950735,136 Kilby Rd,3,h,1402000.0,22/04/2017,2.0,2.0,422.0,69.0,-37.7927,145.056
ID936844779,5/67 Flinders St,2,u,601000.0,28/05/2016,1.0,1.0,82.0,18.0,-37.7556,145.0062
ID280512924,286 Balwyn Rd,4,h,1950000.0,9/09/2017,3.0,1.0,747.0,3.0,-37.79609,145.08478
ID424974668,15 George St,3,h,800000.0,8/10/2016,1.0,2.0,570.0,69.0,-37.718,144.9999
ID909255676,18b Marara Rd,2,h,1115000.0,22/08/2016,1.0,1.0,402.0,14.0,-37.8967,145.0313
ID340729822,4 Greenhill Ct,5,h,1336000.0,4/03/2017,3.0,3.0,736.0,39.0,-37.7683,145.0881
ID568341941,7/37 Groom St,2,u,885500.0,18/06/2016,2.0,2.0,0.0,14.0,-37.7937,144.9983
ID805939077,78 Dickens St,4,h,2200000.0,27/06/2016,3.0,2.0,348.0,119.0,-37.8748,144.9778
ID221525652,23 Longwood Dr,4,h,680000.0,17/06/2017,2.0,2.0,656.0,39.0,-37.63878,145.05577
ID631165976,26 Nelson St,2,h,808000.0,18/03/2017,1.0,0.0,124.0,111.0,-37.8562,144.9848
ID751114392,12 Durkin St,3,h,1200000.0,8/04/2017,1.0,0.0,484.0,79.0,-37.8437,144.8809
ID514443042,155 Westbourne Gr,3,h,1510000.0,30/07/2016,1.0,3.0,327.0,119.0,-37.7741,144.9971
ID437444090,394 Manningham Rd,3,h,1202000.0,27/11/2016,2.0,2.0,649.0,54.0,-37.7794,145.1224
ID794780733,68 Willonga St,5,h,1150000.0,20/05/2017,2.0,2.0,702.0,79.0,-37.7253,144.9146
ID843942984,118 Barries Rd,3,h,283000.0,23/09/2017,1.0,0.0,362.0,43.0,-37.68755,144.56887
ID483193507,4/27 Roseberry St,2,u,440000.0,19/11/2016,1.0,1.0,0.0,49.0,-37.7749,144.9137
ID571323932,22 The Grand,4,h,1510500.0,27/05/2017,2.0,4.0,251.0,79.0,-37.7839,144.89431000000005
ID569782810,345 Waterdale Rd,3,h,1110000.0,6/05/2017,1.0,2.0,730.0,49.0,-37.754,145.0453
ID908322004,1/547 Neerim Rd,4,t,1340000.0,13/05/2017,4.0,2.0,370.0,13.0,-37.8919,145.0781
ID881823003,73 Augustine Tce,4,h,651000.0,27/05/2017,1.0,2.0,587.0,39.0,-37.69897,144.90998000000005
ID338262194,25 Thomson St,3,h,873000.0,13/05/2017,1.0,2.0,625.0,79.0,-37.7876,144.8752
