order_id,date,time,order_type,branch_code,order_items,order_price,customer_lat,customer_lon,customerHasloyalty?,distance_to_customer_KM,delivery_fee
ORDC03597,2018-10-28,17:58:18,Dinner,NS,"[('Fish&Chips', 3), ('Salmon', 1), ('Shrimp', 4)]",362.0000000000001,-37.8107373,144.9462583,0,9.037,17.0678333
ORDA09900,2018-03-25,10:42:15,Breakfast,BK,"[('Pancake', 10), ('Cereal', 3)]",305.49999999999983,-37.8104539,144.97297680000003,0,6.685,13.772677700000001
ORDB03994,2018-02-21,09:41:24,Breakfast,TP,"[('Eggs', 7), ('Pancake', 3)]",226.74999999999994,-37.8046681,144.93521859999998,0,10.857,12.4467084
ORDB07951,2018-03-29,10:52:23,Breakfast,TP,"[('Coffee', 7), ('Pancake', 1)]",76.75000000000003,-37.8044794,144.9732073,0,9.657,11.6808674
ORDK06857,2018-07-06,14:05:04,Lunch,BK,"[('Chicken', 8), ('Steak', 4), ('Fries', 3)]",472.0000000000001,-37.7988636,144.9686871,0,7.806,13.7606453
ORDB04446,2018-08-07,15:16:03,Lunch,TP,"[('Chicken', 6), ('Salad', 3), ('Steak', 1), ('Fries', 9), ('Burger', 7)]",613.6000000000001,-37.8095974,144.9535538,0,9.039,12.3631406
ORDI03577,2018-04-20,11:32:57,Breakfast,NS,"[('Cereal', 2), ('Eggs', 8), ('Coffee', 2), ('Pancake', 6)]",378.4999999999999,-37.805672200000004,144.9571385,0,7.813,12.6618709
ORDI06755,2018-07-22,14:35:29,Lunch,NS,"[('Fries', 9), ('Burger', 1), ('Salad', 4), ('Steak', 1)]",252.8000000000002,-37.8086175,144.9482068,0,8.777,16.749656599999998
ORDK09302,2018-05-19,12:33:48,Lunch,BK,"[('Salad', 10), ('Chicken', 3)]",267.9999999999998,-37.8134003,144.9534121,0,8.488,16.8632784
ORDY06134,2018-07-16,14:25:21,Lunch,TP,"[('Chicken', 2), ('Burger', 6), ('Salad', 4), ('Fries', 5), ('Steak', 7)]",693.8000000000002,-37.8215051,144.9692796,0,7.772,11.211580300000001
ORDY06327,2018-08-03,15:05:54,Lunch,TP,"[('Salad', 6), ('Steak', 5)]",328.2,-37.8157484,145.0091263,0,11.752,14.716996100000001
ORDI08440,2018-02-27,09:51:32,Breakfast,NS,"[('Pancake', 8), ('Coffee', 10)]",268.9999999999999,-37.811444099999996,144.9638582,0,7.647,12.9761685
ORDB10186,2018-02-23,09:41:24,Breakfast,TP,"[('Coffee', 7), ('Cereal', 2), ('Pancake', 4), ('Eggs', 1)]",213.49999999999997,-37.823631299999995,144.9673422,0,7.841,10.290269300000002
ORDI00778,2018-11-20,18:38:52,Dinner,NS,"[('Fish&Chips', 10), ('Shrimp', 10), ('Pasta', 10)]",1165.0000000000007,-37.825980799999996,145.0173514,0,12.183,17.7344685
ORDX11098,2018-06-13,13:24:30,Lunch,BK,"[('Fries', 10), ('Burger', 8), ('Salad', 2), ('Steak', 5), ('Chicken', 1)]",659.4000000000003,-37.8163863,144.9671254,0,7.591,13.5843149
ORDJ08943,2018-06-25,13:44:47,Lunch,TP,"[('Fries', 10), ('Burger', 9), ('Salad', 7), ('Steak', 1)]",564.4,-37.824209499999995,144.9842075,0,8.974,12.5617986
ORDI01926,2018-07-25,14:45:38,Lunch,NS,"[('Salad', 2), ('Burger', 3)]",127.3999999999999,-37.8222038,144.975708,0,9.146,14.308929699999998
ORDB09538,2018-01-21,08:40:33,,TP,"[('Pancake', 2), ('Eggs', 4), ('Coffee', 4), ('Cereal', 10)]",0.0,-37.803475,144.9674719,0,9.685,13.807112099999998
ORDB05641,2018-10-28,17:58:18,Dinner,TP,"[('Salmon', 9), ('Shrimp', 6), ('Fish&Chips', 4)]",832.9999999999998,-37.8098883,144.9477015,0,9.679,15.021922400000001
ORDJ08767,2018-07-21,14:35:29,Lunch,TP,"[('Burger', 2), ('Fries', 7), ('Steak', 9), ('Salad', 4)]",619.8000000000003,-37.821316499999995,145.01227419999998,0,11.859,16.359951300000002
ORDK08729,2018-10-20,17:38:01,Dinner,BK,"[('Fish&Chips', 6), ('Pasta', 9)]",457.50000000000045,-37.8081652,144.9729806,0,6.545,15.777474100000001
ORDB01367,2018-11-20,18:38:52,Dinner,TP,"[('Shrimp', 7), ('Pasta', 8), ('Salmon', 10), ('Fish&Chips', 6)]",1217.9999999999998,-37.8221392,145.0155504,0,12.17,15.564740099999998
ORDA06791,2018-09-20,16:37:10,Dinner,BK,"[('Shrimp', 6), ('Pasta', 5)]",461.5000000000001,-37.8193972,144.9652241,0,7.796,14.519156
ORDA05490,2018-11-23,18:49:00,Dinner,BK,"[('Shrimp', 9), ('Fish&Chips', 5)]",661.0000000000002,-37.813373299999995,145.0087621,0,3.554,10.0581286
ORDJ07622,2018-12-24,19:49:51,Dinner,TP,"[('Salmon', 8), ('Shrimp', 7)]",705.9999999999995,-37.8187328,145.0038814,0,10.959,14.5345702
ORDA10400,2018-06-19,13:34:38,Lunch,BK,"[('Steak', 3), ('Salad', 5), ('Burger', 7), ('Chicken', 1)]",469.9999999999999,-37.8240055,145.0020524,0,5.194,10.780248
ORDB09265,2018-10-23,17:48:10,Dinner,TP,"[('Fish&Chips', 1), ('Shrimp', 6)]",359.0000000000001,-37.808465999999996,144.9480456,0,9.679,13.8424658
ORDY01440,2018-05-15,12:23:39,Lunch,TP,"[('Salad', 5), ('Burger', 3)]",178.99999999999986,-37.8243649,144.9541727,0,8.213,11.4623618
ORDX06220,2018-03-20,10:32:06,Breakfast,BK,"[('Coffee', 1), ('Pancake', 3), ('Cereal', 2)]",122.24999999999994,-37.81055070000001,144.9559633,0,8.204,13.330472
ORDY00592,2018-08-07,15:16:03,Lunch,TP,"[('Burger', 3), ('Chicken', 8), ('Salad', 7), ('Steak', 10)]",919.4,-37.816492499999995,144.9669257,0,7.845,11.955861800000001
ORDY02098,2018-11-16,18:28:43,Dinner,TP,"[('Shrimp', 5), ('Pasta', 3), ('Salmon', 7)]",639.4999999999997,-37.8118875,144.97789699999998,0,8.993,13.1881603
ORDX07973,2018-02-09,09:10:59,Breakfast,BK,"[('Pancake', 8), ('Cereal', 4), ('Coffee', 7), ('Eggs', 4)]",418.49999999999994,-37.8128422,144.96795219999998,0,7.273,12.5811208
ORDX05104,2018-05-09,12:13:31,Lunch,BK,"[('Salad', 7), ('Burger', 4), ('Fries', 7), ('Chicken', 7), ('Steak', 7)]",867.4000000000001,-37.8169311,144.9881284,0,5.807,11.884886
ORDC06896,2018-05-21,12:33:48,Lunch,NS,"[('Salad', 8), ('Burger', 7)]",354.59999999999974,-37.8173946,144.9654864,0,8.411,13.770999100000001
ORDB03894,2018-03-13,10:21:58,Breakfast,TP,"[('Cereal', 8), ('Coffee', 2), ('Pancake', 4), ('Eggs', 4)]",367.99999999999994,-37.814204,144.9490543,0,9.563,12.1452759
ORDJ04925,2018-09-29,16:57:27,Dinner,TP,"[('Shrimp', 5), ('Salmon', 9)]",638.9999999999995,-37.8072934,144.9507282,0,9.422,15.0746394
ORDI03588,2018-10-21,17:38:01,Dinner,NS,"[('Shrimp', 8), ('Salmon', 8), ('Pasta', 9), ('Fish&Chips', 9)]",1322.5000000000002,-37.8073255,144.99366940000002,0,8.594,16.3882072
ORDA03686,2018-09-13,16:27:02,Dinner,BK,"[('Pasta', 9), ('Shrimp', 9), ('Salmon', 1)]",774.5000000000001,-37.809074200000005,144.9316054,0,10.494,17.744544100000002
ORDC03147,2018-01-13,08:20:16,,NS,"[('Eggs', 10), ('Pancake', 9)]",0.0,-37.8165715,144.93772019999997,1,10.037,8.4869768
ORDX08730,2018-11-17,18:38:52,Dinner,BK,"[('Salmon', 4), ('Shrimp', 9)]",649.9999999999998,-37.816865,144.9289353,0,11.828,21.316414899999998
ORDX10522,2018-10-23,17:48:10,Dinner,BK,"[('Shrimp', 8), ('Salmon', 9)]",800.9999999999995,-37.819691299999995,144.97094719999998,0,7.897,14.514865799999999
ORDI05472,2018-03-09,10:11:49,Breakfast,NS,"[('Eggs', 9), ('Pancake', 2)]",246.49999999999997,-37.8073918,144.9628592,0,7.362,12.1615324
ORDZ08324,2018-10-12,17:27:53,Dinner,NS,"[('Shrimp', 7), ('Fish&Chips', 2)]",448.0000000000001,-37.8189898,144.963902,0,8.703,14.576735099999999
ORDB08965,2018-04-11,11:12:40,Breakfast,TP,"[('Coffee', 10), ('Eggs', 10), ('Cereal', 7)]",442.00000000000006,-37.8235083,144.9674029,0,7.834,11.078019699999999
ORDX07948,2018-03-24,10:42:15,Breakfast,BK,"[('Eggs', 4), ('Coffee', 9)]",155.50000000000006,-37.819804100000006,144.98529069999998,0,6.257,13.5645663
ORDB08581,2018-07-06,14:05:04,Lunch,TP,"[('Burger', 5), ('Steak', 5), ('Salad', 2)]",414.4,-37.8053403,144.93703290000002,0,10.693,13.4279053
ORDI07369,2018-04-18,11:32:57,Breakfast,NS,"[('Eggs', 1), ('Cereal', 5), ('Pancake', 9), ('Coffee', 7)]",397.7499999999999,-37.8039159,144.96996140000002,0,6.63,11.7003514
ORDY11025,2018-02-08,09:10:59,Breakfast,TP,"[('Eggs', 3), ('Cereal', 1), ('Pancake', 9)]",305.24999999999983,-37.8168264,144.9505586,0,9.147,11.3429062
ORDC06711,2018-04-23,11:43:05,Breakfast,NS,"[('Eggs', 6), ('Coffee', 9), ('Cereal', 7), ('Pancake', 4)]",443.5,-37.825054200000004,144.99856090000003,0,10.5,15.5037113
ORDI00442,2018-11-20,18:38:52,Dinner,NS,"[('Pasta', 7), ('Salmon', 8), ('Shrimp', 5)]",790.4999999999995,-37.8009521,144.9700611,0,6.126,11.5628726
ORDA02741,2018-09-16,16:27:02,Dinner,BK,"[('Shrimp', 2), ('Salmon', 6), ('Fish&Chips', 9)]",669.0,-37.80397620000001,144.96440259999997,0,7.542,17.015289399999997
ORDI06560,2018-09-18,16:37:10,Dinner,NS,"[('Fish&Chips', 4), ('Pasta', 8)]",360.00000000000034,-37.8069395,144.95787880000003,0,8.103,14.230476999999999
ORDZ10414,2018-06-26,13:44:47,Lunch,NS,"[('Fries', 10), ('Salad', 4), ('Steak', 2), ('Burger', 3), ('Chicken', 2)]",435.80000000000024,-37.8191281,144.9651789,0,9.037,14.472752400000001
ORDY02775,2018-06-23,13:44:47,Lunch,TP,"[('Steak', 8), ('Fries', 8), ('Salad', 7), ('Burger', 10), ('Chicken', 5)]",1046.4,-37.8171982,144.95290730000002,0,8.644,13.6976365
ORDC00375,2018-10-29,17:58:18,Dinner,NS,"[('Pasta', 2), ('Salmon', 10), ('Fish&Chips', 3), ('Shrimp', 8)]",1001.9999999999995,-37.814294399999994,145.0062345,0,10.347,16.6957891
ORDX03166,2018-05-11,12:13:31,Lunch,BK,"[('Fries', 1), ('Salad', 7)]",132.3999999999999,-37.824695899999995,144.954671,0,9.534,15.8944325
ORDC04065,2018-05-01,11:53:14,Breakfast,NS,"[('Cereal', 2), ('Coffee', 10), ('Eggs', 6), ('Pancake', 7)]",418.74999999999994,-37.8043725,144.9707605,0,7.099,11.863496699999999
ORDZ02037,2018-12-10,19:19:26,Dinner,NS,"[('Pasta', 4), ('Fish&Chips', 9), ('Salmon', 4), ('Shrimp', 4)]",805.0000000000002,-37.8018159,144.9763155,0,6.696,12.890433
ORDA00471,2018-05-04,12:03:22,Lunch,BK,"[('Salad', 9), ('Burger', 6), ('Steak', 8), ('Chicken', 7), ('Fries', 2)]",948.8,-37.801211200000004,144.9928795,0,5.657,11.641944699999998
ORDA03792,2018-07-21,14:35:29,Lunch,BK,"[('Steak', 5), ('Burger', 5), ('Fries', 2), ('Chicken', 8), ('Salad', 7)]",780.3999999999999,-37.824543799999994,144.9824596,0,6.935,15.3439008
ORDY08656,2018-08-05,15:05:54,Lunch,TP,"[('Steak', 6), ('Salad', 5), ('Burger', 2), ('Chicken', 6)]",609.9999999999999,-37.8113095,144.94767040000002,0,10.443,15.0688475
ORDY06739,2018-05-18,12:33:48,Lunch,TP,"[('Chicken', 9), ('Fries', 6), ('Steak', 1)]",405.0000000000001,-37.8029722,144.95799119999998,0,9.369,12.936224900000001
ORDI04579,2018-11-28,18:59:09,Dinner,NS,"[('Fish&Chips', 10)]",350.00000000000045,-37.821065399999995,144.9664847,0,8.901,14.8662294
ORDI03439,2018-07-08,14:15:12,Lunch,NS,"[('Steak', 1), ('Fries', 2)]",69.00000000000009,-37.817864799999995,144.95137409999998,0,9.169,16.676518599999998
ORDK01148,2018-05-07,12:13:31,Lunch,BK,"[('Chicken', 5), ('Salad', 8), ('Fries', 9), ('Burger', 10)]",715.5999999999999,-37.8097865,144.9318465,0,10.526,16.7797442
ORDI03225,2018-05-08,12:13:31,Lunch,NS,"[('Chicken', 4), ('Burger', 7), ('Steak', 4), ('Salad', 9)]",679.7999999999997,-37.804306700000005,145.0111534,0,10.132,15.6320071
ORDI01816,2018-08-30,15:56:37,Lunch,NS,"[('Steak', 9), ('Salad', 10), ('Fries', 9), ('Burger', 2)]",747.0000000000002,-37.8077887,144.9397208,0,10.184,15.919422599999999
ORDB07435,2018-03-26,10:42:15,Breakfast,TP,"[('Cereal', 8), ('Eggs', 4), ('Coffee', 5), ('Pancake', 6)]",438.9999999999999,-37.8000597,144.9746291,0,10.134,12.6575204
ORDB09517,2018-02-25,09:41:24,Breakfast,TP,"[('Eggs', 1), ('Cereal', 1), ('Pancake', 8), ('Coffee', 6)]",281.9999999999999,-37.8163088,144.95575469999997,0,8.374,13.109284099999998
ORDC01662,2018-10-16,17:27:53,Dinner,NS,"[('Salmon', 1), ('Fish&Chips', 8), ('Shrimp', 9), ('Pasta', 8)]",1027.0000000000005,-37.820495799999996,144.9916339,0,9.553,15.078230300000001
ORDC00771,2018-12-20,19:39:43,Dinner,NS,"[('Pasta', 5), ('Salmon', 1), ('Fish&Chips', 7)]",423.50000000000034,-37.809187200000004,144.94523930000003,0,9.106,15.4430318
ORDJ02391,2018-01-11,08:10:08,,TP,"[('Eggs', 2), ('Cereal', 9)]",0.0,-37.8044762,144.9172294,1,12.268,7.2016466
ORDJ00586,2018-06-02,13:04:13,Lunch,TP,"[('Burger', 1), ('Steak', 1)]",76.0,-37.811629499999995,145.0118642,0,12.071,16.169033499999998
ORDA08469,2018-02-09,09:10:59,Breakfast,BK,"[('Pancake', 2), ('Eggs', 6)]",180.49999999999997,-37.7994877,144.95932319999997,0,8.47,13.5766552
ORDX01090,2018-07-10,14:15:12,Lunch,BK,"[('Chicken', 10), ('Fries', 7), ('Salad', 10), ('Burger', 5)]",730.9999999999999,-37.8245097,144.98288069999998,0,7.058,13.165285999999998
ORDA07975,2018-11-19,18:38:52,Dinner,BK,"[('Pasta', 3), ('Shrimp', 10), ('Fish&Chips', 10), ('Salmon', 7)]",1259.5000000000002,-37.8115594,145.0063953,0,3.609,10.8834907
ORDK06047,2018-11-21,18:49:00,Dinner,BK,"[('Fish&Chips', 2), ('Pasta', 9)]",317.5000000000002,-37.8082265,144.9766298,0,6.225,13.2573945
ORDY09804,2018-06-13,13:24:30,Lunch,TP,"[('Salad', 10), ('Fries', 2), ('Chicken', 1), ('Steak', 4)]",408.0,-37.81115,144.9729569,0,8.877,11.9155966
ORDJ03713,2018-07-03,14:05:04,Lunch,TP,"[('Chicken', 8), ('Fries', 3), ('Salad', 7), ('Burger', 6), ('Steak', 8)]",958.3999999999999,-37.809628100000005,144.96368950000002,0,8.644,12.050099699999999
ORDY06088,2018-09-29,16:57:27,Dinner,TP,"[('Salmon', 8), ('Pasta', 5), ('Shrimp', 9), ('Fish&Chips', 2)]",1021.4999999999997,-37.812652899999996,144.9740747,0,8.723,15.2036633
ORDA10163,2018-11-22,18:49:00,Dinner,BK,"[('Salmon', 10), ('Pasta', 7), ('Fish&Chips', 6), ('Shrimp', 8)]",1244.4999999999998,-37.8029407,144.93074919999998,0,10.757,18.2395537
ORDB05054,2018-05-27,12:43:56,Lunch,TP,"[('Burger', 3)]",92.99999999999994,-37.8043528,144.9294826,0,11.285,15.727121799999999
ORDY05865,2018-06-07,13:04:13,Lunch,TP,"[('Steak', 1), ('Burger', 8), ('Chicken', 8), ('Salad', 3)]",600.5999999999997,-37.8035345,144.9493989,0,9.915,12.844106300000002
ORDJ08854,2018-09-09,16:16:54,Dinner,TP,"[('Pasta', 4), ('Fish&Chips', 3), ('Shrimp', 4)]",431.0000000000002,-37.810562100000006,144.94247119999997,0,11.009,16.5495372
ORDZ10988,2018-01-03,08:00:00,,NS,"[('Eggs', 6), ('Pancake', 6), ('Coffee', 2)]",0.0,-37.79923370000001,145.0134219,1,10.497,7.7655576
ORDY03793,2018-03-30,10:52:23,Breakfast,TP,"[('Cereal', 6), ('Coffee', 6), ('Pancake', 8)]",364.9999999999999,-37.815213,144.9636356,0,7.901,10.700511800000001
ORDA04498,2018-10-24,17:48:10,Dinner,BK,"[('Fish&Chips', 3), ('Pasta', 8), ('Salmon', 5)]",530.0,-37.810946799999996,144.96183069999998,0,7.779,14.8508274
ORDI05456,2018-02-06,09:10:59,Breakfast,NS,"[('Coffee', 4), ('Pancake', 9), ('Eggs', 6)]",380.2499999999999,-37.8000867,144.9808173,0,7.132,12.4303364
ORDA06739,2018-02-08,09:10:59,Breakfast,BK,"[('Cereal', 1), ('Pancake', 4), ('Eggs', 4), ('Coffee', 8)]",266.0,-37.8151363,144.94719519999998,0,9.052,14.100168300000002
ORDK04967,2018-02-25,09:41:24,Breakfast,BK,"[('Eggs', 9), ('Coffee', 3), ('Cereal', 3), ('Pancake', 7)]",453.2499999999999,-37.8030083,145.0089613,0,4.476,11.982611
ORDC10791,2018-06-25,13:44:47,Lunch,NS,"[('Burger', 2), ('Salad', 10)]",233.9999999999998,-37.8241756,144.98348330000002,0,9.437,14.664403899999998
ORDI10470,2018-05-24,12:43:56,Lunch,NS,"[('Salad', 3), ('Chicken', 3)]",147.5999999999999,-37.8004965,144.9335284,0,6.823,12.577125800000001
ORDA04456,2018-11-24,18:49:00,Dinner,BK,"[('Salmon', 3), ('Shrimp', 10), ('Fish&Chips', 10), ('Pasta', 5)]",1150.5000000000005,-37.8256878,144.99790009999998,0,5.699,15.047515400000002
ORDJ01153,2018-11-15,18:28:43,Dinner,TP,"[('Pasta', 6), ('Shrimp', 8), ('Fish&Chips', 8)]",877.0000000000006,-37.8163489,144.93840980000002,0,10.354,14.522653
ORDI05704,2018-06-27,13:44:47,Lunch,NS,"[('Salad', 10), ('Chicken', 2)]",235.9999999999998,-37.8243408,144.985531,0,9.506,14.948777900000001
ORDA08539,2018-04-08,11:12:40,Breakfast,BK,"[('Eggs', 6), ('Pancake', 5), ('Cereal', 4), ('Coffee', 2)]",352.2499999999999,-37.814676500000004,144.95048930000002,0,10.109,17.0401397
ORDX01944,2018-03-11,10:11:49,Breakfast,BK,"[('Coffee', 7), ('Eggs', 2), ('Pancake', 1)]",120.75000000000003,-37.810432299999995,144.9671071,0,7.215,14.0584231
ORDI03196,2018-08-22,15:46:28,Lunch,NS,"[('Chicken', 2), ('Salad', 7), ('Burger', 10), ('Steak', 3)]",629.3999999999996,-37.820111100000005,144.9684911,0,8.615,14.1890036
ORDA05977,2018-08-01,14:55:46,Lunch,BK,"[('Steak', 5), ('Salad', 3), ('Chicken', 6), ('Burger', 7), ('Fries', 8)]",781.6000000000001,-37.807010399999996,144.94896369999998,0,8.78,14.752410199999998
ORDJ08832,2018-12-26,19:49:51,Dinner,TP,"[('Salmon', 2), ('Shrimp', 10)]",622.0,-37.80556729999999,144.9576512,0,9.177,13.1272818
ORDI06642,2018-12-29,20:00:00,Dinner,NS,"[('Salmon', 9), ('Shrimp', 3), ('Pasta', 8), ('Fish&Chips', 4)]",890.9999999999998,-37.807383200000004,144.94148769999998,0,10.084,17.8285018
ORDZ00676,2018-10-16,17:27:53,Dinner,NS,"[('Salmon', 6), ('Fish&Chips', 4), ('Shrimp', 8), ('Pasta', 8)]",1038.0,-37.8235824,144.99598569999998,0,10.182,15.6954519
ORDC08241,2018-10-02,17:07:36,Dinner,NS,"[('Pasta', 4), ('Salmon', 8), ('Shrimp', 8)]",869.9999999999995,-37.8123696,144.9736957,0,7.573,13.438823699999999
ORDZ04307,2018-09-03,16:06:45,Dinner,NS,"[('Shrimp', 2), ('Salmon', 3), ('Fish&Chips', 1)]",265.9999999999999,-37.8132619,144.9385342,0,9.758,15.4629974
ORDX02556,2018-09-09,16:16:54,Dinner,BK,"[('Salmon', 7), ('Fish&Chips', 1), ('Pasta', 4), ('Shrimp', 1)]",485.99999999999966,-37.817968900000004,145.0038909,0,4.435,13.380497400000001
ORDY06211,2018-10-07,17:17:44,Dinner,TP,"[('Shrimp', 7), ('Pasta', 10)]",653.0000000000002,-37.82582360000001,144.9602371,0,7.949,13.8132842
ORDJ08707,2018-02-20,09:41:24,Breakfast,TP,"[('Cereal', 9), ('Coffee', 1)]",196.5,-37.8061677,144.9584226,0,9.064,12.046707699999999
ORDY05112,2018-08-10,15:16:03,Lunch,TP,"[('Burger', 8), ('Chicken', 7)]",471.9999999999998,-37.81791810000001,144.9525174,0,9.951,13.708735399999998
ORDJ01938,2018-07-13,14:25:21,Lunch,TP,"[('Chicken', 8), ('Steak', 9), ('Fries', 9), ('Burger', 4)]",893.0000000000003,-37.8175319,145.005706,0,11.233,14.803479600000001
ORDC01897,2018-07-23,14:45:38,Lunch,NS,"[('Burger', 6), ('Salad', 1)]",203.19999999999987,-37.8085942,144.948182,0,8.781,14.2026768
ORDC05480,2018-05-16,12:23:39,Lunch,NS,"[('Burger', 4), ('Chicken', 3), ('Fries', 10), ('Salad', 5)]",426.0000000000001,-37.8080995,144.97115630000002,0,7.403,12.793900500000001
ORDC06762,2018-07-01,13:54:55,Lunch,NS,"[('Burger', 7), ('Steak', 2), ('Salad', 4)]",375.79999999999984,-37.80390870000001,144.957357,0,5.38,12.6162102
ORDB09231,2018-10-09,17:17:44,Dinner,TP,"[('Fish&Chips', 5), ('Shrimp', 2), ('Salmon', 5), ('Pasta', 9)]",735.5,-37.8119211,144.9522565,0,9.088,13.029734800000002
ORDJ08995,2018-11-15,18:28:43,Dinner,TP,"[('Shrimp', 5), ('Fish&Chips', 2), ('Salmon', 8)]",667.9999999999995,-37.8240961,144.9603545,0,8.407,12.860890199999998
ORDA09129,2018-10-22,17:48:10,Dinner,BK,"[('Fish&Chips', 2)]",70.00000000000009,-37.8139564,144.9379502,0,9.947,16.6488508
ORDB05648,2018-04-02,11:02:32,Breakfast,TP,"[('Cereal', 8), ('Eggs', 3), ('Coffee', 4)]",264.0,-37.8131494,144.9512706,0,9.086,11.6729547
ORDJ02202,2018-04-15,11:22:49,Breakfast,TP,"[('Cereal', 1), ('Eggs', 1)]",43.0,-37.8131361,145.01144680000002,0,12.274,15.6609364
ORDX04983,2018-07-06,14:05:04,Lunch,BK,"[('Steak', 2), ('Fries', 9), ('Burger', 9), ('Salad', 3)]",528.6000000000001,-37.8132543,144.93868740000002,0,10.339,17.0827022
ORDA08978,2018-01-20,08:30:25,,BK,"[('Eggs', 8), ('Cereal', 4)]",0.0,-37.806566499999995,144.95933290000002,0,7.834,14.886298499999999
ORDY07493,2018-05-15,12:23:39,Lunch,TP,"[('Chicken', 3), ('Steak', 5), ('Salad', 10), ('Burger', 9), ('Fries', 6)]",844.0,-37.824236799999994,144.9539121,0,8.186,11.145900099999999
ORDK09383,2018-07-14,14:25:21,Lunch,BK,"[('Chicken', 2), ('Fries', 4)]",112.00000000000011,-37.8190211,145.003764,0,4.543,12.9035285
ORDC00836,2018-12-22,19:49:51,Dinner,NS,"[('Salmon', 8), ('Pasta', 5), ('Shrimp', 9), ('Fish&Chips', 10)]",1301.5,-37.8075664,144.9666053,0,7.037,15.2406404
ORDI01782,2018-01-20,08:30:25,,NS,"[('Coffee', 9), ('Cereal', 6)]",0.0,-37.8007247,144.972465,0,6.319,12.812149
ORDI01496,2018-06-25,13:44:47,Lunch,NS,"[('Steak', 10), ('Fries', 1)]",462.0000000000003,-37.8241979,144.9837448,0,9.465,15.0804104
ORDY00791,2018-04-05,11:02:32,Breakfast,TP,"[('Coffee', 2), ('Pancake', 1), ('Eggs', 9)]",237.25,-37.8175489,144.9523246,0,8.694,11.0199941
ORDK00879,2018-11-07,18:18:35,Dinner,BK,"[('Shrimp', 7), ('Fish&Chips', 4), ('Salmon', 9)]",886.9999999999997,-37.8141653,144.9632906,0,7.713,14.773686300000001
ORDI01502,2018-12-29,20:00:00,Dinner,NS,"[('Salmon', 3), ('Shrimp', 1), ('Pasta', 6)]",341.9999999999999,-37.8161164,144.9383974,0,9.98,18.2429337
ORDK00251,2018-10-14,17:27:53,Dinner,BK,"[('Salmon', 2), ('Shrimp', 10), ('Pasta', 6), ('Fish&Chips', 2)]",857.0000000000002,-37.8193695,144.9618249,0,8.003,16.9388974
ORDB02953,2018-05-15,12:23:39,Lunch,TP,"[('Chicken', 2), ('Salad', 9)]",218.7999999999998,-37.8187613,144.96252880000003,0,7.764,10.9879558
ORDK10220,2018-02-03,09:00:50,Breakfast,BK,"[('Eggs', 3), ('Coffee', 10)]",141.00000000000006,-37.8087984,145.00884680000001,0,3.643,10.572580699999998
ORDY07092,2018-09-14,16:27:02,Dinner,TP,"[('Fish&Chips', 1), ('Pasta', 8), ('Shrimp', 7), ('Salmon', 8)]",960.9999999999998,-37.8150872,144.96066499999998,0,8.211,12.2579024
ORDA08106,2018-12-04,19:09:17,Dinner,BK,"[('Pasta', 1), ('Shrimp', 10)]",567.5000000000001,-37.81074,145.0139863,0,4.277,10.941495699999999
ORDB02570,2018-09-17,16:37:10,Dinner,TP,"[('Fish&Chips', 6), ('Pasta', 6), ('Shrimp', 9), ('Salmon', 10)]",1270.9999999999998,-37.8037739,144.9188476,0,12.224,15.7757791
ORDK06181,2018-11-02,18:08:27,Dinner,BK,"[('Salmon', 5), ('Fish&Chips', 9)]",520.0000000000001,-37.8105378,144.9451673,0,9.247,15.9250883
ORDX10252,2018-03-10,10:11:49,Breakfast,BK,"[('Coffee', 9), ('Eggs', 9)]",265.50000000000006,-37.804612299999995,144.9632233,0,7.578,15.018303
ORDC08322,2018-12-05,19:09:17,Dinner,NS,"[('Fish&Chips', 4), ('Salmon', 1), ('Shrimp', 10)]",721.0000000000002,-37.813581,144.9468707,0,9.195,15.6016141
ORDK03661,2018-12-21,19:49:51,Dinner,BK,"[('Pasta', 5), ('Salmon', 8), ('Fish&Chips', 6), ('Shrimp', 10)]",1215.5,-37.81218270000001,144.9697962,0,7.093,13.455588199999998
ORDJ03780,2018-08-29,15:56:37,Lunch,TP,"[('Steak', 5), ('Salad', 1)]",242.2000000000001,-37.8102326,144.9612406,0,8.507,11.9913819
ORDZ05329,2018-02-16,09:31:16,Breakfast,NS,"[('Coffee', 1), ('Pancake', 6), ('Cereal', 4)]",236.9999999999999,-37.8057345,144.9287381,0,10.819,15.564994500000001
ORDY04261,2018-03-07,10:01:41,Breakfast,TP,"[('Pancake', 7), ('Eggs', 1), ('Cereal', 10), ('Coffee', 2)]",416.7499999999999,-37.8130859,144.95195269999996,0,9.019,11.4639867
ORDA01781,2018-06-24,13:44:47,Lunch,BK,"[('Burger', 3)]",92.99999999999994,-37.825667200000005,144.9828436,0,7.026,15.067726
ORDY07847,2018-02-13,09:21:07,Breakfast,TP,"[('Eggs', 3), ('Pancake', 7), ('Coffee', 4)]",265.7499999999999,-37.803395200000004,144.96634630000003,0,9.486,11.6282425
ORDI03527,2018-10-28,17:58:18,Dinner,NS,"[('Salmon', 4), ('Pasta', 4), ('Fish&Chips', 5), ('Shrimp', 2)]",557.0000000000001,-37.80966,144.9470154,0,8.984,17.480622600000004
ORDB06103,2018-02-02,09:00:50,Breakfast,TP,"[('Cereal', 1), ('Coffee', 7), ('Eggs', 8)]",249.50000000000006,-37.8170456,144.9532158,0,8.616,11.186468099999999
ORDY03828,2018-03-01,09:51:32,Breakfast,TP,"[('Eggs', 2), ('Coffee', 4)]",74.00000000000003,-37.815194,144.9750308,0,8.49,11.3577095
ORDB07953,2018-10-22,17:48:10,Dinner,TP,"[('Shrimp', 1), ('Fish&Chips', 3), ('Pasta', 10), ('Salmon', 3)]",557.0000000000001,-37.814128000000004,144.93883799999998,0,10.263,13.991825699999998
ORDK06633,2018-03-05,10:01:41,Breakfast,BK,"[('Cereal', 9), ('Eggs', 7), ('Pancake', 9), ('Coffee', 9)]",628.7499999999998,-37.802712400000004,144.9651559,0,7.626,12.7672214
ORDX02512,2018-04-02,11:02:32,Breakfast,BK,"[('Cereal', 1), ('Eggs', 3)]",87.0,-37.8147034,144.99022140000002,0,5.445,9.9700995
ORDB05178,2018-12-10,19:19:26,Dinner,TP,"[('Salmon', 10), ('Shrimp', 1), ('Pasta', 2), ('Fish&Chips', 1)]",553.9999999999994,-37.8179445,144.96679609999998,0,7.661,11.7683355
ORDZ10907,2018-04-23,11:43:05,Breakfast,NS,"[('Eggs', 4), ('Coffee', 10), ('Pancake', 8)]",356.9999999999999,-37.818854200000004,144.95341509999997,0,9.223,14.108537099999998
ORDI02418,2018-02-14,09:21:07,Breakfast,NS,"[('Cereal', 10), ('Pancake', 1), ('Eggs', 1)]",256.25,-37.823736,144.9761444,0,9.119,14.227278400000001
ORDK09354,2018-06-11,13:14:21,Lunch,BK,"[('Fries', 9), ('Burger', 5), ('Chicken', 6), ('Salad', 1)]",472.20000000000016,-37.82412670000001,144.9473767,0,9.513,15.364797199999998
ORDB09081,2018-03-25,10:42:15,Breakfast,TP,"[('Cereal', 7), ('Pancake', 9)]",365.24999999999983,-37.81995870000001,145.0127352,0,11.729,15.553932500000002
ORDZ03935,2018-09-03,16:06:45,Dinner,NS,"[('Shrimp', 9), ('Pasta', 3)]",568.5000000000001,-37.807837,144.9494312,0,8.638,14.7349611
ORDY03030,2018-12-10,19:19:26,Dinner,TP,"[('Shrimp', 7), ('Fish&Chips', 2), ('Salmon', 2), ('Pasta', 2)]",585.0,-37.812761,144.97200930000002,0,8.64,12.929539199999999
ORDJ05585,2018-08-21,15:36:20,Lunch,TP,"[('Burger', 5), ('Steak', 4), ('Salad', 10), ('Fries', 4), ('Chicken', 8)]",810.9999999999999,-37.8179448,144.9676096,0,7.725,11.0624955
ORDY02415,2018-09-30,16:57:27,Dinner,TP,"[('Salmon', 7), ('Pasta', 8), ('Fish&Chips', 10)]",857.0000000000001,-37.824363899999994,144.9916268,0,9.675,15.5430445
ORDZ06484,2018-10-28,17:58:18,Dinner,NS,"[('Salmon', 10), ('Pasta', 2), ('Shrimp', 10)]",1004.9999999999995,-37.8090106,144.9487733,0,8.839,16.3742527
ORDB08054,2018-09-28,16:57:27,Dinner,TP,"[('Shrimp', 8), ('Pasta', 1)]",459.50000000000006,-37.8086451,144.9453811,0,9.847,13.331254999999999
ORDJ00379,2018-06-12,13:14:21,Lunch,TP,"[('Burger', 10), ('Chicken', 4)]",437.9999999999998,-37.8153646,144.94128899999998,0,10.048,13.2173666
ORDX07037,2018-10-17,17:38:01,Dinner,BK,"[('Salmon', 1), ('Pasta', 5), ('Fish&Chips', 1)]",213.50000000000006,-37.823369299999996,144.97006519999996,0,7.969,14.7496907
ORDA00155,2018-03-13,10:21:58,Breakfast,BK,"[('Coffee', 1), ('Cereal', 1), ('Eggs', 6), ('Pancake', 10)]",402.99999999999983,-37.814260499999996,144.9551879,0,8.324,12.9343035
ORDJ00265,2018-06-11,13:14:21,Lunch,TP,"[('Salad', 3), ('Chicken', 2)]",115.59999999999992,-37.803644399999996,144.9459766,0,10.089,13.226359099999998
ORDK07005,2018-04-21,11:32:57,Breakfast,BK,"[('Coffee', 3), ('Cereal', 5), ('Eggs', 5), ('Pancake', 9)]",455.74999999999983,-37.8187693,144.9535671,0,8.773,16.0941321
ORDK04426,2018-10-14,17:27:53,Dinner,BK,"[('Salmon', 2), ('Fish&Chips', 8), ('Pasta', 6), ('Shrimp', 10)]",1067.0000000000005,-37.805912899999996,144.95575680000002,0,8.082,17.4855472
ORDJ07651,2018-07-17,14:25:21,Lunch,TP,"[('Chicken', 5), ('Fries', 7), ('Salad', 9), ('Steak', 3), ('Burger', 6)]",719.8,-37.8220486,144.96757309999998,0,7.864,11.7420742
ORDZ04202,2018-04-07,11:12:40,Breakfast,NS,"[('Coffee', 6), ('Pancake', 5)]",166.24999999999994,-37.8181372,145.01075519999998,0,11.023,17.8342962
ORDX02274,2018-03-16,10:21:58,Breakfast,BK,"[('Cereal', 8), ('Coffee', 2)]",183.0,-37.8081174,144.9424663,0,9.608,14.9151802
ORDB09935,2018-05-13,12:23:39,Lunch,TP,"[('Chicken', 4), ('Fries', 1)]",140.0,-37.8068568,144.9643198,0,9.056,13.476858800000002
ORDX01492,2018-02-21,09:41:24,Breakfast,BK,"[('Cereal', 8), ('Pancake', 1), ('Eggs', 4), ('Coffee', 10)]",355.25000000000006,-37.799312799999996,144.98776740000002,0,6.24,10.4717802
ORDX09169,2018-05-23,12:43:56,Lunch,BK,"[('Burger', 6), ('Chicken', 4), ('Fries', 10)]",434.0000000000001,-37.814685299999994,144.9839096,0,6.078,11.270662800000002
ORDK00351,2018-12-08,19:19:26,Dinner,BK,"[('Salmon', 6), ('Shrimp', 1)]",299.9999999999996,-37.8149824,144.94848480000002,0,9.375,18.854762
ORDJ08839,2018-08-13,15:26:11,Lunch,TP,"[('Chicken', 8), ('Steak', 7), ('Salad', 2)]",605.4000000000001,-37.813379499999996,144.96477969999998,0,8.206,11.800326
ORDC09798,2018-11-04,18:08:27,Dinner,NS,"[('Pasta', 3), ('Fish&Chips', 4)]",222.50000000000023,-37.8114136,144.9528593,0,8.467,15.7229769
ORDC04776,2018-07-27,14:45:38,Lunch,NS,"[('Chicken', 4), ('Fries', 5)]",188.0000000000001,-37.822172200000004,144.9784874,0,8.927,14.807445999999999
ORDC01484,2018-05-07,12:03:22,Lunch,NS,"[('Fries', 4), ('Salad', 3)]",99.60000000000008,-37.8157766,144.99506019999998,0,9.584,14.8788962
ORDK08331,2018-07-19,14:35:29,Lunch,BK,"[('Chicken', 3), ('Fries', 3), ('Salad', 2)]",166.40000000000003,-37.7994977,144.9786814,0,6.973,12.374001199999999
ORDI00178,2018-07-31,14:55:46,Lunch,NS,"[('Burger', 7), ('Salad', 5), ('Steak', 4)]",482.9999999999999,-37.802957,144.9700772,0,6.354,11.4865539
ORDZ03145,2018-07-01,13:54:55,Lunch,NS,"[('Steak', 2), ('Burger', 10), ('Salad', 7), ('Fries', 3), ('Chicken', 5)]",716.3999999999999,-37.804764899999995,144.93267980000002,0,10.122,17.3077704
ORDX00903,2018-06-22,13:44:47,Lunch,BK,"[('Burger', 4), ('Steak', 10), ('Fries', 4)]",622.0000000000002,-37.803608399999995,144.9627146,0,7.789,13.1018334
ORDB04595,2018-12-28,20:00:00,Dinner,TP,"[('Fish&Chips', 3), ('Shrimp', 2), ('Pasta', 8)]",433.0000000000003,-37.81276079999999,144.96799840000003,0,8.432,12.991282199999999
ORDY03078,2018-12-02,19:09:17,Dinner,TP,"[('Pasta', 1)]",27.500000000000018,-37.8209945,144.98804980000003,0,9.431,15.015554000000002
ORDJ04366,2018-01-07,08:10:08,,TP,"[('Coffee', 3), ('Eggs', 9), ('Pancake', 10)]",0.0,-37.8125724,144.9363509,1,10.561,7.2248507
ORDC00406,2018-12-31,20:00:00,Dinner,NS,"[('Pasta', 7), ('Shrimp', 1), ('Salmon', 2), ('Fish&Chips', 10)]",678.5000000000005,-37.8001821,145.0032238,0,9.562,15.866813500000001
ORDA05408,2018-03-22,10:32:06,Breakfast,BK,"[('Coffee', 7), ('Cereal', 9), ('Pancake', 6), ('Eggs', 2)]",430.99999999999994,-37.81964970000001,144.9795095,0,7.211,11.786787
ORDX00692,2018-11-26,18:59:09,Dinner,BK,"[('Shrimp', 6)]",324.00000000000006,-37.8208086,144.9850873,0,6.395,12.8786103
ORDC05680,2018-04-24,11:43:05,Breakfast,NS,"[('Cereal', 10), ('Pancake', 3)]",282.74999999999994,-37.8015661,145.00202040000002,0,9.212,14.1537414
ORDB01983,2018-02-01,09:00:50,Breakfast,TP,"[('Eggs', 4), ('Pancake', 3), ('Cereal', 4), ('Coffee', 1)]",252.24999999999994,-37.820361600000005,144.979064,0,8.816,11.521288900000002
ORDY10480,2018-02-12,09:21:07,Breakfast,TP,"[('Coffee', 7), ('Pancake', 8)]",246.4999999999999,-37.827090999999996,144.9749192,0,8.683,11.1968496
ORDK07984,2018-04-01,10:52:23,Breakfast,BK,"[('Eggs', 9), ('Cereal', 4), ('Coffee', 7)]",334.50000000000006,-37.8155682,144.9527158,0,8.609,15.8212259
ORDI06038,2018-05-29,12:54:05,Lunch,NS,"[('Salad', 1), ('Steak', 4), ('Burger', 3)]",290.20000000000005,-37.8028589,145.005085,0,9.698,14.9448437
ORDI09486,2018-08-26,15:46:28,Lunch,NS,"[('Salad', 6), ('Burger', 1), ('Fries', 3), ('Steak', 2)]",260.20000000000005,-37.814167100000006,144.938031,0,10.081,17.559801699999998
ORDI00853,2018-12-26,19:49:51,Dinner,NS,"[('Pasta', 3), ('Fish&Chips', 2), ('Shrimp', 10)]",692.5000000000002,-37.813712100000004,144.97210859999998,0,7.697,13.6898112
ORDY02247,2018-05-26,12:43:56,Lunch,TP,"[('Chicken', 6), ('Fries', 7), ('Burger', 10)]",586.0,-37.802723,144.9636447,0,9.447,14.225718900000002
ORDK05753,2018-05-05,12:03:22,Lunch,BK,"[('Steak', 1), ('Chicken', 10), ('Fries', 9)]",473.00000000000017,-37.8196857,144.99443019999998,0,5.401,13.4602961
ORDC07266,2018-01-10,08:10:08,,NS,"[('Cereal', 4), ('Coffee', 6), ('Pancake', 3), ('Eggs', 3)]",0.0,-37.825609299999996,144.9603689,1,9.555,7.231262599999999
ORDK09440,2018-06-21,13:34:38,Lunch,BK,"[('Fries', 2), ('Steak', 5), ('Chicken', 4), ('Burger', 9)]",656.0,-37.834322,144.90516369999997,0,13.78,20.1273232
ORDX00382,2018-03-11,10:11:49,Breakfast,BK,"[('Cereal', 1), ('Eggs', 4)]",109.0,-37.8046164,144.96325880000003,0,7.574,15.026296799999999
ORDK05756,2018-09-22,16:47:19,Dinner,BK,"[('Salmon', 1), ('Shrimp', 9)]",527.0,-37.8197751,144.9599386,0,8.137,17.642782699999998
ORDZ01723,2018-07-13,14:25:21,Lunch,NS,"[('Burger', 1), ('Salad', 4), ('Fries', 7)]",183.80000000000013,-37.8251658,144.95391659999999,0,10.371,15.8695886
ORDY03396,2018-04-30,11:53:14,Breakfast,TP,"[('Pancake', 2), ('Eggs', 7)]",202.49999999999997,-37.814873799999994,144.9449284,0,9.579,12.0511466
ORDI04177,2018-03-04,10:01:41,Breakfast,NS,"[('Cereal', 7), ('Coffee', 4)]",177.00000000000003,-37.817833799999995,144.9564637,0,8.9,16.5846128
ORDC04501,2018-01-16,08:30:25,,NS,"[('Eggs', 4), ('Cereal', 8), ('Coffee', 8)]",0.0,-37.8057182,144.93279280000002,1,10.135,7.0877717
ORDB07236,2018-03-10,10:11:49,Breakfast,TP,"[('Eggs', 4), ('Cereal', 4), ('Coffee', 4), ('Pancake', 7)]",371.7499999999999,-37.8168831,144.9644054,0,7.7,12.1408767
ORDY07635,2018-12-15,19:29:34,Dinner,TP,"[('Shrimp', 2), ('Pasta', 4)]",218.00000000000009,-37.8200685,144.9607348,0,7.628,13.9395538
ORDZ03863,2018-06-25,13:44:47,Lunch,NS,"[('Salad', 4), ('Burger', 8), ('Fries', 7)]",400.8,-37.824213799999995,144.9832312,0,9.412,14.575486900000001
ORDK07497,2018-12-31,20:00:00,Dinner,BK,"[('Shrimp', 10), ('Salmon', 1), ('Fish&Chips', 2)]",651.0000000000001,-37.8070205,145.0001939,0,4.484,11.3780646
ORDI04063,2018-09-29,16:57:27,Dinner,NS,"[('Salmon', 7), ('Shrimp', 8)]",718.9999999999995,-37.810632399999996,144.94524140000001,0,9.117,17.9633473
ORDJ06360,2018-06-08,13:14:21,Lunch,TP,"[('Steak', 9), ('Salad', 8), ('Chicken', 3), ('Fries', 4)]",686.6000000000001,-37.8193232,144.9833649,0,9.163,12.5769321
ORDB04242,2018-05-04,12:03:22,Lunch,TP,"[('Burger', 6), ('Steak', 1), ('Chicken', 7), ('Salad', 7)]",575.3999999999996,-37.8001131,144.93530959999998,0,13.654,16.6401734
ORDK09388,2018-05-14,12:23:39,Lunch,BK,"[('Chicken', 4), ('Burger', 10)]",437.9999999999998,-37.799436299999996,144.95915549999998,0,8.454,13.7097827
ORDX04322,2018-04-07,11:12:40,Breakfast,BK,"[('Pancake', 10), ('Coffee', 8)]",302.4999999999999,-37.815687100000005,144.9619425,0,7.917,15.3241769
ORDA04939,2018-02-13,09:21:07,Breakfast,BK,"[('Coffee', 3), ('Eggs', 2)]",66.50000000000001,-37.8249474,144.9922858,0,6.787,11.6738442
ORDY09243,2018-12-13,19:29:34,Dinner,TP,"[('Salmon', 6), ('Shrimp', 10), ('Pasta', 1)]",813.4999999999998,-37.818796999999996,144.95691159999998,0,8.118,12.5307231
ORDY10658,2018-03-26,10:42:15,Breakfast,TP,"[('Cereal', 4), ('Coffee', 10), ('Pancake', 2), ('Eggs', 3)]",273.5,-37.811702600000004,144.9829797,0,9.329,11.7738182
ORDA09044,2018-04-23,11:43:05,Breakfast,BK,"[('Cereal', 10), ('Coffee', 6), ('Eggs', 10), ('Pancake', 8)]",668.9999999999999,-37.818859700000004,144.9533932,0,8.786,13.469244699999999
ORDC00963,2018-10-11,17:17:44,Dinner,NS,"[('Fish&Chips', 5), ('Pasta', 8)]",395.00000000000034,-37.81192,144.9535766,0,8.412,14.5668057
ORDY04391,2018-07-17,14:25:21,Lunch,TP,"[('Steak', 2), ('Chicken', 9), ('Fries', 4), ('Burger', 3), ('Salad', 1)]",536.1999999999999,-37.8063179,144.9404614,0,10.319,13.192925899999999
ORDY10200,2018-03-27,10:42:15,Breakfast,TP,"[('Coffee', 10), ('Pancake', 7)]",244.74999999999994,-37.8200469,144.95476619999997,0,8.276,11.353710099999999
ORDK07786,2018-05-14,12:23:39,Lunch,BK,"[('Burger', 7), ('Steak', 3), ('Fries', 9)]",460.0000000000002,-37.799245500000005,144.9591676,0,8.44,14.373502300000002
ORDJ04496,2018-12-01,19:09:17,Dinner,TP,"[('Salmon', 4), ('Fish&Chips', 8)]",444.0000000000001,-37.81867020000001,144.9664974,0,7.757,13.390654199999998
ORDZ01344,2018-09-30,16:57:27,Dinner,NS,"[('Shrimp', 7), ('Pasta', 7)]",570.5000000000002,-37.814879100000006,144.94184909999998,0,9.56,17.4501539
ORDC09212,2018-09-17,16:37:10,Dinner,NS,"[('Salmon', 8), ('Fish&Chips', 1), ('Pasta', 7)]",555.4999999999997,-37.8249835,144.94451999999998,0,10.482,16.1660444
ORDB08409,2018-09-09,16:16:54,Dinner,TP,"[('Pasta', 1), ('Shrimp', 1), ('Salmon', 10)]",491.49999999999943,-37.818092,145.004087,0,11.037,16.4715816
ORDY05231,2018-07-10,14:15:12,Lunch,TP,"[('Salad', 4), ('Chicken', 6)]",260.79999999999984,-37.8245135,144.9827427,0,8.879,12.4003724
ORDA01577,2018-01-05,08:00:00,,BK,"[('Eggs', 8), ('Cereal', 3), ('Coffee', 8)]",0.0,-37.8142222,144.94291069999997,1,9.453,7.802291800000001
ORDB00256,2018-07-18,14:35:29,Lunch,TP,"[('Fries', 1), ('Steak', 7), ('Chicken', 4)]",455.00000000000017,-37.8023255,144.9777778,0,9.956,13.3925656
ORDI09878,2018-08-17,15:26:11,Lunch,NS,"[('Salad', 9), ('Steak', 2), ('Fries', 6)]",316.80000000000007,-37.805511100000004,144.9984334,0,8.945,14.8197478
ORDY02981,2018-02-25,09:41:24,Breakfast,TP,"[('Cereal', 3), ('Coffee', 10), ('Eggs', 8)]",314.00000000000006,-37.824583000000004,144.9459414,0,8.939,13.4128704
ORDZ08240,2018-05-15,12:23:39,Lunch,NS,"[('Steak', 4), ('Fries', 6), ('Chicken', 7)]",476.0000000000002,-37.8182414,144.96516469999997,0,8.513,14.163295600000001
ORDJ05380,2018-08-03,15:05:54,Lunch,TP,"[('Steak', 7), ('Salad', 3)]",366.60000000000014,-37.8194059,144.9714696,0,7.561,10.9087733
ORDZ03213,2018-03-26,10:42:15,Breakfast,NS,"[('Pancake', 4), ('Eggs', 5), ('Coffee', 9), ('Cereal', 10)]",484.5,-37.8164722,145.0041737,0,10.315,14.8155758
ORDJ03692,2018-06-10,13:14:21,Lunch,TP,"[('Steak', 7), ('Burger', 2)]",377.0000000000001,-37.8203691,144.95738799999998,0,7.965,12.8584666
ORDX09376,2018-04-27,11:43:05,Breakfast,BK,"[('Coffee', 5), ('Eggs', 3)]",103.50000000000003,-37.8119045,145.0035363,0,3.922,9.0295876
ORDZ05724,2018-05-18,12:33:48,Lunch,NS,"[('Chicken', 1), ('Burger', 7)]",248.9999999999999,-37.8009705,144.95670619999999,0,7.442,12.887814500000001
ORDZ06743,2018-10-15,17:27:53,Dinner,NS,"[('Salmon', 7), ('Shrimp', 1), ('Fish&Chips', 6), ('Pasta', 9)]",798.5,-37.822632899999995,144.9972977,0,10.205,16.2909057
ORDA04147,2018-08-08,15:16:03,Lunch,BK,"[('Fries', 1), ('Chicken', 2), ('Steak', 8), ('Salad', 2), ('Burger', 7)]",687.4000000000001,-37.8063005,144.9416009,0,9.54,15.941013199999999
ORDJ10017,2018-09-01,15:56:37,Lunch,TP,"[('Fries', 5), ('Salad', 1), ('Steak', 7), ('Burger', 8), ('Chicken', 5)]",800.2,-37.8171905,144.9533848,0,8.588,14.1473516
ORDX09498,2018-09-23,16:47:19,Dinner,BK,"[('Shrimp', 8), ('Fish&Chips', 8), ('Pasta', 6)]",877.0000000000006,-37.820262,144.9688492,0,7.702,17.231835999999998
ORDZ10192,2018-08-23,15:46:28,Lunch,NS,"[('Fries', 7), ('Steak', 10), ('Salad', 4), ('Chicken', 2)]",666.8000000000004,-37.796122499999996,144.99371269999997,0,8.768,14.3201233
ORDX05782,2018-05-04,12:03:22,Lunch,BK,"[('Steak', 7), ('Chicken', 1)]",347.00000000000017,-37.8002592,144.9354195,0,12.216,18.3609762
ORDB09129,2018-07-20,14:35:29,Lunch,TP,"[('Fries', 10), ('Chicken', 4)]",248.00000000000028,-37.8122934,144.9540216,0,8.861,12.5551689
ORDJ09278,2018-07-14,14:25:21,Lunch,TP,"[('Burger', 3), ('Salad', 9), ('Chicken', 4)]",375.7999999999997,-37.81905379999999,144.953948,0,8.431,13.5473969
ORDJ05177,2018-05-04,12:03:22,Lunch,TP,"[('Burger', 8), ('Salad', 3)]",299.5999999999998,-37.7999149,144.93632649999998,0,13.759,16.3387824
ORDI08566,2018-01-06,08:10:08,,NS,"[('Pancake', 3), ('Coffee', 10)]",0.0,-37.8117701,145.00503390000003,1,9.98,8.4562992
ORDZ07632,2018-04-16,11:22:49,Breakfast,NS,"[('Coffee', 2), ('Pancake', 6), ('Cereal', 5), ('Eggs', 4)]",353.4999999999999,-37.8104709,144.96890159999998,0,7.273,12.617341099999999
ORDK01252,2018-05-21,12:33:48,Lunch,BK,"[('Chicken', 7), ('Salad', 6), ('Steak', 1)]",372.1999999999998,-37.8173946,144.9654864,0,7.679,13.542355300000002
ORDI07435,2018-01-14,08:20:16,,NS,"[('Pancake', 6), ('Coffee', 3)]",0.0,-37.8025669,144.94566830000002,1,8.59,8.1623651
ORDX06719,2018-04-01,10:52:23,Breakfast,BK,"[('Pancake', 4), ('Cereal', 3), ('Eggs', 7), ('Coffee', 1)]",321.49999999999994,-37.814721,144.9500803,0,9.901,16.880424899999998
ORDX01211,2018-04-06,11:02:32,Breakfast,BK,"[('Cereal', 7), ('Eggs', 6)]",279.0,-37.8027541,144.99499519999998,0,5.336,10.490617599999998
ORDC04119,2018-09-22,16:47:19,Dinner,NS,"[('Shrimp', 8), ('Pasta', 6), ('Fish&Chips', 4)]",737.0000000000005,-37.799743400000004,144.9724648,0,6.328,14.7228522
ORDK03551,2018-12-09,19:19:26,Dinner,BK,"[('Shrimp', 10), ('Fish&Chips', 9)]",855.0000000000005,-37.809576,144.9727015,0,6.704,16.167889600000002
ORDA09539,2018-08-10,15:16:03,Lunch,BK,"[('Fries', 4), ('Burger', 5)]",203.00000000000006,-37.8179136,144.95125290000001,0,9.097,14.994303599999999
ORDI08845,2018-10-16,17:27:53,Dinner,NS,"[('Shrimp', 1), ('Fish&Chips', 7)]",299.0000000000003,-37.823651700000006,144.996533,0,10.231,16.375598699999998
ORDX07460,2018-12-13,19:29:34,Dinner,BK,"[('Fish&Chips', 10), ('Salmon', 7)]",637.0,-37.8161657,144.9752775,0,7.723,14.647673300000001
ORDJ08948,2018-12-23,19:49:51,Dinner,TP,"[('Salmon', 5), ('Pasta', 8), ('Fish&Chips', 4)]",565.0,-37.8181737,145.0040233,0,11.026,16.306010099999998
ORDY10644,2018-05-10,12:13:31,Lunch,TP,"[('Steak', 10), ('Salad', 2)]",484.4000000000002,-37.8015088,144.9638554,0,9.585,12.5946806
ORDC03661,2018-01-20,08:30:25,,NS,"[('Pancake', 4), ('Coffee', 7), ('Cereal', 2), ('Eggs', 8)]",0.0,-37.823215600000005,145.0030157,0,10.761,18.3085993
ORDX03089,2018-12-16,19:29:34,Dinner,BK,"[('Pasta', 9), ('Salmon', 10)]",657.4999999999995,-37.8243979,144.9446312,0,9.796,19.58345
ORDY06732,2018-11-15,18:28:43,Dinner,TP,"[('Fish&Chips', 1), ('Pasta', 8), ('Shrimp', 1)]",309.00000000000017,-37.8075916,144.9453594,0,10.089,13.994916
ORDY01929,2018-01-12,08:20:16,,TP,"[('Cereal', 8), ('Coffee', 1)]",0.0,-37.8204078,145.0131858,1,11.813,7.2297974
ORDY04808,2018-12-08,19:19:26,Dinner,TP,"[('Fish&Chips', 2), ('Shrimp', 7), ('Pasta', 6), ('Salmon', 9)]",981.9999999999997,-37.8168468,144.9579291,0,8.129,13.4381916
ORDJ07392,2018-04-04,11:02:32,Breakfast,TP,"[('Cereal', 4), ('Pancake', 4), ('Coffee', 6), ('Eggs', 10)]",446.0,-37.8156949,144.97913400000002,0,8.819,11.2304842
ORDA06473,2018-11-22,18:49:00,Dinner,BK,"[('Salmon', 9), ('Shrimp', 10), ('Pasta', 9), ('Fish&Chips', 1)]",1191.4999999999998,-37.811353499999996,144.9731957,0,6.791,13.226763
ORDC10992,2018-07-15,14:25:21,Lunch,NS,"[('Salad', 5), ('Chicken', 1), ('Steak', 6)]",388.0,-37.810120399999995,144.953732,0,8.347,16.186217300000003
ORDI09515,2018-03-28,10:52:23,Breakfast,NS,"[('Coffee', 10), ('Cereal', 5)]",180.00000000000006,-37.81030379999999,144.9878581,0,8.463,13.751047199999999
ORDY11060,2018-02-14,09:21:07,Breakfast,TP,"[('Cereal', 6), ('Eggs', 5), ('Pancake', 5)]",357.2499999999999,-37.826746500000006,144.9745513,0,8.632,11.068341199999999
ORDB03495,2018-08-12,15:26:11,Lunch,TP,"[('Chicken', 1), ('Salad', 6), ('Burger', 2), ('Fries', 10)]",317.20000000000016,-37.7997629,144.96351830000003,0,9.832,14.466953400000001
ORDA03363,2018-11-23,18:49:00,Dinner,BK,"[('Pasta', 3), ('Fish&Chips', 7), ('Salmon', 10), ('Shrimp', 6)]",1061.4999999999998,-37.819767799999994,144.9426642,0,9.78,16.932298899999996
ORDZ10695,2018-05-18,12:33:48,Lunch,NS,"[('Fries', 4), ('Salad', 9)]",202.79999999999995,-37.8038782,144.95840890000002,0,7.53,12.8323045
ORDI10620,2018-07-29,14:55:46,Lunch,NS,"[('Burger', 10), ('Fries', 8), ('Chicken', 8), ('Steak', 1), ('Salad', 5)]",792.9999999999999,-37.814868700000005,144.9663033,0,8.007,15.632902599999998
ORDZ03053,2018-11-20,18:38:52,Dinner,NS,"[('Shrimp', 1), ('Salmon', 9), ('Pasta', 3)]",505.4999999999995,-37.8142698,145.0123841,0,11.043,16.9754103
ORDA08604,2018-07-24,14:45:38,Lunch,BK,"[('Fries', 1), ('Chicken', 10), ('Burger', 9), ('Salad', 1), ('Steak', 1)]",673.1999999999997,-37.803498,144.949693,0,8.78,15.0545763
ORDZ03820,2018-03-18,10:32:06,Breakfast,NS,"[('Cereal', 6), ('Pancake', 8)]",319.9999999999999,-37.8094745,144.9720174,0,7.2,14.6407921
ORDK02188,2018-11-26,18:49:00,Dinner,BK,"[('Fish&Chips', 5), ('Salmon', 3), ('Shrimp', 9), ('Pasta', 1)]",811.5,-37.8231635,144.950924,0,9.073,15.709821900000001
ORDJ07279,2018-01-16,08:30:25,,TP,"[('Pancake', 10), ('Cereal', 5), ('Eggs', 8), ('Coffee', 7)]",0.0,-37.805992700000004,144.93250980000002,1,10.958,6.5080285
ORDJ04998,2018-09-09,16:16:54,Dinner,TP,"[('Pasta', 4), ('Shrimp', 5), ('Salmon', 9)]",748.9999999999995,-37.8230006,144.9550492,0,8.248,14.1484145
ORDX04438,2018-03-23,10:32:06,Breakfast,BK,"[('Cereal', 4), ('Coffee', 4)]",114.00000000000003,-37.8238715,144.9810776,0,7.004,11.7469592
ORDY02007,2018-01-02,08:00:00,,TP,"[('Eggs', 10), ('Coffee', 4), ('Cereal', 5), ('Pancake', 10)]",0.0,-37.7989055,145.01150900000002,1,13.202,7.3285306
ORDX10939,2018-05-01,11:53:14,Breakfast,BK,"[('Eggs', 2)]",44.0,-37.808573200000005,144.9506601,0,8.712,13.4330055
ORDX09693,2018-05-11,12:13:31,Lunch,BK,"[('Steak', 4), ('Fries', 7)]",264.00000000000034,-37.8052165,144.94929869999999,0,8.661,13.9751117
ORDZ09075,2018-03-20,10:32:06,Breakfast,NS,"[('Coffee', 3), ('Eggs', 7)]",176.50000000000003,-37.810083399999996,144.9582913,0,7.986,13.1313661
ORDC03509,2018-03-01,09:51:32,Breakfast,NS,"[('Cereal', 2), ('Eggs', 2), ('Coffee', 4)]",116.00000000000003,-37.7989598,144.9842738,0,7.554,12.336330300000002
ORDA06518,2018-03-18,10:32:06,Breakfast,BK,"[('Eggs', 6), ('Pancake', 4), ('Coffee', 2), ('Cereal', 2)]",285.99999999999994,-37.807756299999994,144.95465049999999,0,8.342,15.929646599999998
ORDJ10426,2018-08-21,15:36:20,Lunch,TP,"[('Salad', 9), ('Burger', 4)]",278.7999999999998,-37.8215851,145.002372,0,10.768,14.2685971
ORDB08782,2018-04-15,11:22:49,Breakfast,TP,"[('Cereal', 2), ('Coffee', 2), ('Eggs', 3)]",123.00000000000001,-37.8047473,144.94521559999998,0,10.02,14.6128764
ORDI06153,2018-03-28,10:52:23,Breakfast,NS,"[('Eggs', 8), ('Cereal', 3), ('Coffee', 4)]",269.0,-37.8021628,144.98355619999998,0,7.323,12.601802900000001
ORDB03775,2018-02-19,09:31:16,Breakfast,TP,"[('Cereal', 10)]",210.0,-37.8069986,144.9457968,0,9.947,12.750919
ORDJ02556,2018-07-09,14:15:12,Lunch,TP,"[('Salad', 2), ('Chicken', 6), ('Burger', 8)]",474.39999999999975,-37.8223225,145.0001699,0,10.553,14.337038399999999
ORDY03253,2018-01-03,08:00:00,,TP,"[('Pancake', 4), ('Eggs', 1), ('Cereal', 2), ('Coffee', 6)]",0.0,-37.8007556,145.01867190000002,1,13.665,8.086917699999999
ORDC09438,2018-03-08,10:11:49,Breakfast,NS,"[('Coffee', 2), ('Eggs', 7)]",169.0,-37.8187564,144.9832053,0,9.033,13.5221309
ORDJ10475,2018-03-31,10:52:23,Breakfast,TP,"[('Pancake', 4), ('Cereal', 8), ('Coffee', 1), ('Eggs', 1)]",294.49999999999994,-37.8218555,144.9603868,0,7.593,11.6288071
ORDZ10436,2018-06-09,13:14:21,Lunch,NS,"[('Burger', 2), ('Chicken', 10), ('Steak', 5), ('Salad', 2)]",641.4,-37.8217211,144.9865224,0,9.327,17.0271555
ORDB03851,2018-12-26,19:49:51,Dinner,TP,"[('Pasta', 6), ('Fish&Chips', 8), ('Shrimp', 9), ('Salmon', 10)]",1340.9999999999998,-37.8031088,144.9634489,0,9.406,13.2728272
ORDB04566,2018-05-19,12:33:48,Lunch,TP,"[('Burger', 2), ('Fries', 3), ('Steak', 10), ('Chicken', 4)]",676.0000000000002,-37.8134219,144.9533437,0,8.848,14.0144288
ORDB04028,2018-08-18,15:36:20,Lunch,TP,"[('Steak', 1), ('Fries', 2)]",69.00000000000009,-37.80969210000001,145.0034029,0,11.43,16.060281099999997
ORDY07815,2018-06-20,13:34:38,Lunch,TP,"[('Fries', 4), ('Steak', 1), ('Chicken', 6), ('Burger', 10)]",595.0,-37.8019615,144.97076130000002,0,9.845,13.4821973
ORDI07391,2018-12-03,19:09:17,Dinner,NS,"[('Fish&Chips', 10), ('Salmon', 1)]",391.0000000000004,-37.8004966,144.9998066,0,8.947,15.0592263
ORDI00312,2018-07-17,14:25:21,Lunch,NS,"[('Salad', 3), ('Steak', 6), ('Burger', 2)]",383.6,-37.8088022,144.94840369999997,0,8.779,13.836416
ORDY08485,2018-06-02,13:04:13,Lunch,TP,"[('Salad', 6), ('Fries', 1), ('Chicken', 5), ('Burger', 6), ('Steak', 4)]",641.1999999999998,-37.816296200000004,144.9674446,0,7.904,13.0069439
ORDC00910,2018-02-24,09:41:24,Breakfast,NS,"[('Coffee', 3), ('Cereal', 6)]",148.50000000000003,-37.8163473,144.9509305,0,10.046,16.9562823
ORDB05420,2018-10-19,17:38:01,Dinner,TP,"[('Salmon', 7), ('Fish&Chips', 10)]",637.0,-37.800844700000006,145.00316709999998,0,12.126,15.869737400000002
ORDZ01414,2018-03-08,10:11:49,Breakfast,NS,"[('Pancake', 4), ('Coffee', 6)]",141.99999999999997,-37.8187066,144.98397240000003,0,8.969,13.727403400000002
ORDB09995,2018-06-16,13:24:30,Lunch,TP,"[('Burger', 2), ('Chicken', 4)]",189.99999999999991,-37.8131419,145.00945180000002,0,11.979,16.5950392
ORDB09255,2018-02-03,09:00:50,Breakfast,TP,"[('Cereal', 8), ('Eggs', 5), ('Pancake', 8), ('Coffee', 8)]",531.9999999999999,-37.8087984,145.00884680000001,0,12.052,15.7702
ORDB07578,2018-01-03,08:00:00,,TP,"[('Eggs', 3), ('Coffee', 7)]",0.0,-37.8034603,145.0198773,1,14.095,8.265763
ORDZ02496,2018-02-10,09:21:07,Breakfast,NS,"[('Pancake', 7), ('Cereal', 9), ('Eggs', 9)]",556.7499999999999,-37.80700220000001,144.9656899,0,7.105,14.769550400000002
ORDI00846,2018-09-25,16:47:19,Dinner,NS,"[('Pasta', 9), ('Fish&Chips', 9), ('Shrimp', 3), ('Salmon', 3)]",847.5000000000003,-37.8034831,144.9496043,0,8.304,14.0899661
ORDZ10998,2018-03-10,10:11:49,Breakfast,NS,"[('Coffee', 8), ('Cereal', 9), ('Pancake', 7), ('Eggs', 4)]",506.74999999999994,-37.8127158,144.98161069999998,0,8.189,14.958062900000002
ORDK02457,2018-03-20,10:32:06,Breakfast,BK,"[('Pancake', 2), ('Eggs', 3), ('Cereal', 5)]",219.49999999999997,-37.800246200000004,144.96072080000002,0,8.28,13.431837900000001
ORDZ06360,2018-12-14,19:29:34,Dinner,NS,"[('Shrimp', 10), ('Salmon', 6), ('Pasta', 2), ('Fish&Chips', 5)]",1016.0,-37.8194552,145.01596,0,12.009,18.4029665
ORDC08202,2018-03-30,10:52:23,Breakfast,NS,"[('Cereal', 10), ('Pancake', 5), ('Coffee', 6)]",376.24999999999994,-37.8102612,144.96141459999998,0,7.635,12.274003
ORDJ05353,2018-07-07,14:05:04,Lunch,TP,"[('Chicken', 4), ('Fries', 4), ('Burger', 7)]",393.0,-37.809741100000004,144.9676108,0,8.86,14.259955900000001
ORDX01093,2018-12-16,19:39:43,Dinner,BK,"[('Shrimp', 1), ('Salmon', 8)]",381.9999999999995,-37.7995256,144.962149,0,8.223,17.3103221
ORDZ06165,2018-05-30,12:54:05,Lunch,NS,"[('Burger', 7), ('Salad', 2), ('Fries', 6), ('Steak', 10), ('Chicken', 6)]",965.4000000000003,-37.821883,144.9555575,0,9.504,15.1265492
ORDC02902,2018-12-08,19:19:26,Dinner,NS,"[('Salmon', 1), ('Pasta', 8)]",261.00000000000006,-37.8066263,144.9615746,0,7.464,15.7938785
ORDC06187,2018-09-02,16:06:45,Dinner,NS,"[('Shrimp', 6), ('Salmon', 10), ('Pasta', 5), ('Fish&Chips', 7)]",1116.4999999999998,-37.81417020000001,144.9630544,0,8.08,15.7916107
ORDK07503,2018-04-12,11:12:40,Breakfast,BK,"[('Eggs', 6), ('Cereal', 10)]",342.0,-37.814030100000004,144.9626401,0,7.817,13.1169869
ORDX04899,2018-01-05,08:00:00,,BK,"[('Eggs', 2), ('Coffee', 1), ('Pancake', 3), ('Cereal', 6)]",0.0,-37.8121626,144.9387584,1,9.889,7.3248938
ORDJ08490,2018-05-04,12:03:22,Lunch,TP,"[('Burger', 8), ('Fries', 7), ('Chicken', 2), ('Steak', 8)]",756.0000000000002,-37.8001569,144.93536630000003,0,13.661,16.0885536
ORDY07819,2018-11-18,18:38:52,Dinner,TP,"[('Shrimp', 2), ('Pasta', 10)]",383.00000000000017,-37.8226651,145.0152877,0,12.246,17.287029800000003
ORDA01397,2018-06-22,13:44:47,Lunch,BK,"[('Burger', 4), ('Steak', 4), ('Salad', 10), ('Chicken', 2), ('Fries', 1)]",551.9999999999998,-37.810354,145.0100563,0,3.752,9.3813567
ORDI06002,2018-04-14,11:22:49,Breakfast,NS,"[('Eggs', 3), ('Coffee', 8), ('Pancake', 7), ('Cereal', 7)]",442.74999999999994,-37.8179119,144.9934186,0,9.533,16.2951959
ORDJ03388,2018-02-20,09:31:16,Breakfast,TP,"[('Cereal', 3), ('Eggs', 1)]",85.0,-37.820961100000005,144.9268249,0,10.745,12.6656936
ORDB00321,2018-02-14,09:21:07,Breakfast,TP,"[('Eggs', 9), ('Cereal', 9), ('Pancake', 1), ('Coffee', 9)]",478.75000000000006,-37.8064508,144.9594605,0,8.963,11.398556
ORDB10039,2018-06-20,13:34:38,Lunch,TP,"[('Fries', 7), ('Chicken', 3), ('Salad', 9)]",334.80000000000007,-37.8246042,144.95834150000002,0,8.236,12.278806900000001
ORDZ06771,2018-02-13,09:21:07,Breakfast,NS,"[('Coffee', 10), ('Eggs', 5), ('Pancake', 2)]",233.50000000000003,-37.8035334,144.97292969999998,0,7.008,11.989908
ORDC05676,2018-05-11,12:13:31,Lunch,NS,"[('Steak', 2), ('Salad', 10), ('Chicken', 8)]",517.9999999999998,-37.815563399999995,144.9930676,0,9.407,15.337409599999999
ORDX05898,2018-11-07,18:18:35,Dinner,BK,"[('Shrimp', 7), ('Salmon', 10)]",787.9999999999994,-37.809163,144.9608504,0,7.742,14.6904508
ORDA00893,2018-05-20,12:33:48,Lunch,BK,"[('Steak', 5), ('Chicken', 8)]",481.0,-37.802826,144.9479941,0,8.878,17.5265104
ORDJ01247,2018-06-02,13:04:13,Lunch,TP,"[('Chicken', 7), ('Burger', 7), ('Fries', 5), ('Steak', 2)]",591.0,-37.8177259,144.96627990000002,0,7.654,12.669734599999998
ORDC02594,2018-11-10,18:18:35,Dinner,NS,"[('Fish&Chips', 1), ('Shrimp', 4)]",251.00000000000006,-37.81576629999999,144.96659259999998,0,8.118,15.8815145
ORDX03139,2018-07-25,14:45:38,Lunch,BK,"[('Burger', 1), ('Salad', 4), ('Fries', 7), ('Steak', 2)]",273.8000000000002,-37.8117157,144.9565014,0,8.075,13.945927
ORDA00997,2018-08-01,14:55:46,Lunch,BK,"[('Fries', 1), ('Burger', 8), ('Chicken', 4), ('Salad', 10)]",559.9999999999997,-37.807594200000004,144.9479726,0,8.904,15.170175599999999
ORDI09346,2018-12-06,19:19:26,Dinner,NS,"[('Salmon', 4), ('Pasta', 4), ('Shrimp', 9)]",759.9999999999999,-37.8134398,144.9740272,0,7.683,13.814951999999998
ORDB03481,2018-06-12,13:14:21,Lunch,TP,"[('Steak', 4), ('Fries', 10), ('Salad', 4), ('Chicken', 2), ('Burger', 3)]",525.8000000000002,-37.815396299999996,144.9417271,0,9.999,12.9888801
ORDB04411,2018-10-12,17:27:53,Dinner,TP,"[('Fish&Chips', 5), ('Shrimp', 9)]",661.0000000000002,-37.808864899999996,144.94514119999997,0,9.876,13.2103576
ORDK09050,2018-06-02,13:04:13,Lunch,BK,"[('Steak', 5), ('Chicken', 1)]",257.0000000000001,-37.818168,144.9651264,0,7.636,16.3521666
ORDY06931,2018-12-30,20:00:00,Dinner,TP,"[('Fish&Chips', 8), ('Salmon', 4), ('Shrimp', 7), ('Pasta', 1)]",849.5000000000002,-37.8156883,144.9378168,0,10.383,16.014626
ORDA01549,2018-12-20,19:39:43,Dinner,BK,"[('Pasta', 6), ('Salmon', 8)]",492.9999999999996,-37.8131622,144.9335246,0,11.187,18.1023198
ORDA03344,2018-06-24,13:44:47,Lunch,BK,"[('Fries', 6), ('Chicken', 8)]",328.0000000000001,-37.825601500000005,144.98284630000003,0,7.034,15.131364499999998
ORDZ07579,2018-12-22,19:49:51,Dinner,NS,"[('Shrimp', 3), ('Salmon', 6), ('Pasta', 10)]",682.9999999999998,-37.81787670000001,144.9465948,0,9.47,17.6645549
ORDZ00796,2018-11-09,18:18:35,Dinner,NS,"[('Fish&Chips', 6), ('Salmon', 3), ('Shrimp', 4)]",549.0000000000001,-37.819311799999994,145.0065121,0,10.703,16.5581455
ORDY01191,2018-02-26,09:51:32,Breakfast,TP,"[('Coffee', 4), ('Pancake', 5)]",151.24999999999994,-37.8094971,144.9722022,0,9.082,11.604610599999999
ORDY01281,2018-09-05,16:06:45,Dinner,TP,"[('Shrimp', 1), ('Salmon', 8), ('Fish&Chips', 8), ('Pasta', 3)]",744.4999999999998,-37.8187161,144.91680549999998,0,11.692,14.6131168
ORDK05735,2018-02-18,09:31:16,Breakfast,BK,"[('Coffee', 3), ('Pancake', 3), ('Eggs', 9), ('Cereal', 1)]",314.24999999999994,-37.8065706,144.94498059999998,0,9.205,16.4895949
ORDX01995,2018-11-25,18:49:00,Dinner,BK,"[('Pasta', 9), ('Shrimp', 2)]",355.50000000000017,-37.8199344,144.98121369999998,0,6.65,16.285434
ORDY02073,2018-09-16,16:37:10,Dinner,TP,"[('Fish&Chips', 3), ('Shrimp', 3), ('Salmon', 4)]",430.9999999999999,-37.816326200000006,144.96404750000002,0,7.767,13.4038217
ORDJ01560,2018-08-31,15:56:37,Lunch,TP,"[('Salad', 8), ('Fries', 1), ('Chicken', 3)]",245.59999999999985,-37.806757399999995,144.9829273,0,9.911,12.9719027
ORDX08829,2018-11-30,18:59:09,Dinner,BK,"[('Fish&Chips', 10), ('Pasta', 7), ('Shrimp', 7), ('Salmon', 4)]",1084.5000000000005,-37.801807399999994,145.0041975,0,5.382,12.8531371
ORDZ02174,2018-06-18,13:34:38,Lunch,NS,"[('Steak', 10), ('Burger', 7), ('Fries', 10), ('Salad', 10), ('Chicken', 5)]",1119.0000000000002,-37.814710999999996,144.9635619,0,8.083,13.849622
ORDA02942,2018-02-01,09:00:50,Breakfast,BK,"[('Pancake', 9), ('Cereal', 6), ('Coffee', 4)]",374.24999999999983,-37.7994579,144.9596991,0,8.402,13.246021599999999
ORDY04241,2018-08-07,15:16:03,Lunch,TP,"[('Steak', 1), ('Salad', 4), ('Chicken', 8), ('Burger', 9), ('Fries', 7)]",732.8,-37.8115596,144.95720219999998,0,8.704,12.054326300000001
ORDX08841,2018-10-11,17:17:44,Dinner,BK,"[('Salmon', 10), ('Pasta', 4), ('Shrimp', 9), ('Fish&Chips', 3)]",1110.9999999999998,-37.8119843,144.9533495,0,8.413,15.643229000000002
ORDZ00641,2018-08-21,15:36:20,Lunch,NS,"[('Chicken', 2), ('Fries', 1)]",76.00000000000001,-37.81420479999999,144.9690419,0,7.796,13.1604986
ORDC09753,2018-09-22,16:47:19,Dinner,NS,"[('Fish&Chips', 5), ('Shrimp', 2), ('Salmon', 1), ('Pasta', 1)]",351.50000000000017,-37.799408299999996,144.9365256,0,9.242,17.8476731
ORDA10596,2018-05-24,12:43:56,Lunch,BK,"[('Burger', 1), ('Salad', 4), ('Steak', 2), ('Chicken', 3)]",285.79999999999995,-37.813280400000004,144.984748,0,5.796,12.005621699999999
ORDI01216,2018-01-07,08:10:08,,NS,"[('Coffee', 6), ('Eggs', 9), ('Pancake', 1)]",0.0,-37.813666600000005,144.937144,1,9.958,8.8367094
ORDX09646,2018-06-29,13:54:55,Lunch,BK,"[('Fries', 3), ('Salad', 2), ('Chicken', 4)]",198.40000000000003,-37.8192211,144.9733815,0,7.642,13.6074689
ORDY02398,2018-03-30,10:52:23,Breakfast,TP,"[('Cereal', 8), ('Eggs', 6)]",300.0,-37.8142756,144.9631661,0,8.016,10.9449584
ORDA05829,2018-04-05,11:02:32,Breakfast,BK,"[('Cereal', 2), ('Pancake', 1)]",66.24999999999999,-37.8175294,144.9523635,0,8.794,13.8625823
ORDK08534,2018-09-23,16:47:19,Dinner,BK,"[('Salmon', 2), ('Shrimp', 5), ('Fish&Chips', 1)]",387.0,-37.797693599999995,144.9674106,0,8.05,17.1055197
ORDZ06736,2018-11-12,18:28:43,Dinner,NS,"[('Pasta', 1), ('Salmon', 1), ('Shrimp', 9), ('Fish&Chips', 7)]",799.5000000000002,-37.8043195,144.9780489,0,7.216,13.640865400000001
ORDI03827,2018-09-11,16:27:02,Dinner,NS,"[('Salmon', 7), ('Shrimp', 6), ('Fish&Chips', 5)]",785.9999999999998,-37.8076589,144.97048999999998,0,7.005,13.0915831
ORDX07563,2018-06-30,13:54:55,Lunch,BK,"[('Burger', 5), ('Fries', 3), ('Steak', 7)]",506.00000000000017,-37.804539299999995,144.9281603,0,10.696,19.4005227
ORDB09429,2018-04-29,11:53:14,Breakfast,TP,"[('Pancake', 6), ('Coffee', 4), ('Cereal', 5)]",280.4999999999999,-37.8060776,144.9583012,0,9.08,13.9248426
ORDA07657,2018-06-29,13:54:55,Lunch,BK,"[('Fries', 1), ('Burger', 3), ('Salad', 7), ('Steak', 5)]",450.4,-37.8279536,144.98649319999998,0,7.904,13.9738261
ORDY03963,2018-07-12,14:15:12,Lunch,TP,"[('Chicken', 3), ('Steak', 1), ('Fries', 6)]",213.0000000000002,-37.8110323,144.97285630000002,0,8.894,12.308028199999999
ORDB02868,2018-04-09,11:12:40,Breakfast,TP,"[('Coffee', 1), ('Eggs', 1)]",29.500000000000007,-37.8207406,144.9785753,0,8.753,11.820631500000001
ORDX04828,2018-06-21,13:34:38,Lunch,BK,"[('Salad', 4), ('Burger', 6), ('Fries', 3), ('Steak', 10)]",740.8000000000002,-37.7993409,145.0019329,0,5.676,11.2564916
ORDB00945,2018-04-22,11:32:57,Breakfast,TP,"[('Pancake', 6), ('Eggs', 4)]",233.4999999999999,-37.82230620000001,144.9967359,0,10.148,14.5889035
ORDZ02865,2018-04-24,11:43:05,Breakfast,NS,"[('Eggs', 7), ('Coffee', 7), ('Pancake', 3), ('Cereal', 1)]",300.25,-37.8188066,144.9703017,0,8.398,12.9870169
ORDK02024,2018-11-16,18:28:43,Dinner,BK,"[('Salmon', 6), ('Fish&Chips', 5), ('Pasta', 4)]",530.9999999999999,-37.81497529999999,145.0045748,0,4.096,10.776687599999999
ORDX09012,2018-10-12,17:27:53,Dinner,BK,"[('Salmon', 5), ('Shrimp', 3)]",366.9999999999997,-37.8082166,144.959927,0,7.736,14.8438517
ORDJ09560,2018-07-29,14:55:46,Lunch,TP,"[('Fries', 3), ('Steak', 3), ('Chicken', 10), ('Salad', 5), ('Burger', 6)]",762.9999999999999,-37.812822499999996,144.9479064,0,10.287,15.1891354
ORDX08618,2018-12-07,19:19:26,Dinner,BK,"[('Pasta', 9), ('Shrimp', 4), ('Salmon', 5), ('Fish&Chips', 10)]",1018.5000000000003,-37.8175235,144.9576945,0,8.394,15.525026800000001
ORDB01645,2018-08-06,15:05:54,Lunch,TP,"[('Steak', 10), ('Salad', 4), ('Fries', 1), ('Chicken', 8), ('Burger', 7)]",1003.8,-37.802572600000005,144.9923104,0,11.063,13.9475923
ORDJ05591,2018-05-19,12:33:48,Lunch,TP,"[('Chicken', 1), ('Salad', 6)]",135.19999999999987,-37.8014629,145.0065284,0,12.443,17.2625425
ORDI07370,2018-06-09,13:14:21,Lunch,NS,"[('Salad', 7), ('Burger', 1)]",151.39999999999984,-37.804331299999994,144.9483399,0,8.572,15.8793503
ORDX00981,2018-11-17,18:38:52,Dinner,BK,"[('Fish&Chips', 4), ('Shrimp', 6)]",464.0000000000002,-37.8201154,145.0098166,0,4.366,13.679780800000001
ORDA00643,2018-01-18,08:30:25,,BK,"[('Cereal', 6), ('Eggs', 3)]",0.0,-37.8140225,145.01460269999998,1,4.483,4.416367500000001
ORDC03545,2018-04-23,11:43:05,Breakfast,NS,"[('Pancake', 2), ('Eggs', 9)]",246.49999999999997,-37.8187631,144.95340359999997,0,9.218,14.804089000000001
ORDY07965,2018-02-02,09:00:50,Breakfast,TP,"[('Pancake', 8), ('Eggs', 6), ('Coffee', 3), ('Cereal', 4)]",432.4999999999999,-37.8108597,144.9996316,0,11.134,13.639534099999999
ORDB01278,2018-10-05,17:07:36,Dinner,TP,"[('Salmon', 10), ('Shrimp', 8), ('Fish&Chips', 6)]",1051.9999999999998,-37.8016619,144.9386283,0,11.736,15.4773274
ORDB01803,2018-09-22,16:47:19,Dinner,TP,"[('Fish&Chips', 3), ('Pasta', 4)]",215.0000000000002,-37.8005779,144.9714374,0,10.062,15.6588085
ORDA00559,2018-02-08,09:10:59,Breakfast,BK,"[('Coffee', 5), ('Cereal', 7), ('Pancake', 4), ('Eggs', 7)]",435.49999999999994,-37.8063227,144.95941919999999,0,7.749,12.9568981
ORDI01127,2018-12-27,20:00:00,Dinner,NS,"[('Fish&Chips', 2), ('Pasta', 4)]",180.00000000000017,-37.819880100000006,144.9438039,0,9.872,15.9776299
ORDY08870,2018-02-24,09:41:24,Breakfast,TP,"[('Cereal', 5), ('Coffee', 7), ('Pancake', 3), ('Eggs', 10)]",450.25,-37.8237801,144.96870990000002,0,7.966,12.4316858
ORDK08900,2018-03-12,10:11:49,Breakfast,BK,"[('Eggs', 2), ('Cereal', 3)]",107.0,-37.8192464,144.94244880000002,0,9.829,15.2809098
ORDB09462,2018-02-13,09:21:07,Breakfast,TP,"[('Cereal', 9), ('Eggs', 6), ('Pancake', 4)]",417.99999999999994,-37.80847070000001,144.9616689,0,8.854,12.1499829
ORDA06619,2018-08-02,15:05:54,Lunch,BK,"[('Fries', 6), ('Salad', 8), ('Chicken', 8), ('Burger', 7), ('Steak', 7)]",997.6000000000001,-37.800849299999996,144.980357,0,6.708,12.5779723
ORDA07803,2018-10-06,17:07:36,Dinner,BK,"[('Shrimp', 10), ('Pasta', 7), ('Salmon', 2)]",814.5000000000001,-37.821449900000005,144.9449342,0,9.566,19.1585744
ORDK08259,2018-02-24,09:41:24,Breakfast,BK,"[('Pancake', 4), ('Eggs', 2), ('Cereal', 9), ('Coffee', 3)]",352.49999999999994,-37.823997600000006,144.9426074,0,9.988,17.4464095
ORDY10531,2018-11-01,18:08:27,Dinner,TP,"[('Shrimp', 6), ('Salmon', 4), ('Fish&Chips', 9), ('Pasta', 9)]",1050.5000000000005,-37.825414200000004,144.99564719999998,0,9.828,13.633429199999998
ORDJ10711,2018-03-14,10:21:58,Breakfast,TP,"[('Coffee', 7), ('Eggs', 8), ('Cereal', 2)]",270.50000000000006,-37.8194959,144.9848817,0,9.288,11.8008916
ORDB08133,2018-05-12,12:23:39,Lunch,TP,"[('Salad', 6), ('Fries', 2), ('Chicken', 10), ('Steak', 8)]",807.2,-37.800219899999995,144.93491930000002,0,13.774,17.427804000000002
ORDK08013,2018-03-04,10:01:41,Breakfast,BK,"[('Cereal', 5), ('Coffee', 10), ('Eggs', 6)]",312.00000000000006,-37.8131224,145.0139936,0,3.781,11.366188699999999
ORDI00522,2018-05-28,12:54:05,Lunch,NS,"[('Chicken', 8), ('Steak', 7)]",571.0000000000001,-37.8093498,144.95449109999998,0,8.264,13.5011211
ORDI08480,2018-06-07,13:14:21,Lunch,NS,"[('Burger', 6), ('Chicken', 8)]",441.9999999999998,-37.8080956,144.9519139,0,8.493,13.4265829
ORDB02781,2018-07-06,14:05:04,Lunch,TP,"[('Chicken', 1), ('Steak', 1), ('Salad', 8)]",214.59999999999985,-37.7988636,144.9686871,0,10.088,13.5551427
ORDY00257,2018-09-26,16:57:27,Dinner,TP,"[('Salmon', 2), ('Fish&Chips', 1), ('Pasta', 4)]",227.0,-37.816747,144.96988019999998,0,7.969,12.318845699999999
ORDK04460,2018-07-07,14:05:04,Lunch,BK,"[('Fries', 9), ('Salad', 10), ('Chicken', 3), ('Steak', 6)]",646.0000000000002,-37.817806299999994,144.9660039,0,7.554,15.952813199999998
ORDY02555,2018-04-22,11:32:57,Breakfast,TP,"[('Coffee', 10), ('Cereal', 9), ('Eggs', 8)]",440.00000000000006,-37.819121700000004,144.9522994,0,8.611,13.1671228
ORDZ05900,2018-12-24,19:49:51,Dinner,NS,"[('Salmon', 8), ('Fish&Chips', 2)]",397.99999999999955,-37.8189706,145.0025804,0,10.359,16.190597699999998
ORDJ00555,2018-01-20,08:30:25,,TP,"[('Cereal', 1), ('Coffee', 10), ('Pancake', 4)]",0.0,-37.8008069,144.9735614,0,10.162,14.1474052
ORDZ06467,2018-12-30,20:00:00,Dinner,NS,"[('Shrimp', 3), ('Fish&Chips', 2), ('Pasta', 2)]",287.00000000000017,-37.80668970000001,144.9624533,0,7.386,15.9348079
ORDK07541,2018-01-16,08:30:25,,BK,"[('Pancake', 7), ('Eggs', 8), ('Coffee', 4), ('Cereal', 7)]",0.0,-37.8051508,144.9280879,1,10.738,7.806881599999999
ORDB11073,2018-09-05,16:06:45,Dinner,TP,"[('Pasta', 6), ('Salmon', 1)]",206.00000000000006,-37.8164324,144.9284395,0,11.535,14.991311900000001
ORDI03700,2018-08-05,15:05:54,Lunch,NS,"[('Steak', 2), ('Salad', 2)]",124.4,-37.8164523,144.949172,0,9.324,16.223347099999998
ORDZ09305,2018-02-14,09:21:07,Breakfast,NS,"[('Pancake', 7), ('Coffee', 3), ('Cereal', 3), ('Eggs', 8)]",431.2499999999999,-37.8107321,145.0100246,0,10.378,15.605885500000001
ORDJ03879,2018-02-14,09:21:07,Breakfast,TP,"[('Coffee', 7), ('Pancake', 10), ('Cereal', 9)]",483.9999999999999,-37.8113305,144.9629945,0,8.494,11.363290600000001
ORDK02291,2018-07-12,14:25:21,Lunch,BK,"[('Salad', 6), ('Steak', 1), ('Fries', 9), ('Burger', 5)]",411.20000000000005,-37.8261241,144.979587,0,7.716,13.2424622
ORDJ10346,2018-04-18,11:32:57,Breakfast,TP,"[('Eggs', 5), ('Pancake', 1), ('Cereal', 4)]",218.24999999999997,-37.815253000000006,144.97480090000002,0,8.434,10.8837901
ORDY07669,2018-09-13,16:27:02,Dinner,TP,"[('Salmon', 1), ('Fish&Chips', 10)]",391.0000000000004,-37.802209000000005,144.9424564,0,10.522,14.645972800000001
ORDK10623,2018-05-25,12:43:56,Lunch,BK,"[('Steak', 4), ('Burger', 9), ('Fries', 4), ('Chicken', 1), ('Salad', 7)]",659.3999999999999,-37.8082703,144.9535925,0,10.359,16.2546221
ORDK09179,2018-03-14,10:21:58,Breakfast,BK,"[('Cereal', 5), ('Eggs', 6), ('Coffee', 10)]",312.00000000000006,-37.8033452,144.9694125,0,7.251,11.6668509
ORDK01670,2018-04-05,11:02:32,Breakfast,BK,"[('Pancake', 3), ('Coffee', 1), ('Cereal', 10), ('Eggs', 3)]",356.24999999999994,-37.8176784,144.9512757,0,8.858,14.439112699999997
ORDJ04848,2018-09-02,16:06:45,Dinner,TP,"[('Fish&Chips', 4), ('Shrimp', 7)]",518.0000000000002,-37.811935299999995,144.97065780000003,0,8.688,14.883959099999998
ORDX10283,2018-01-20,08:30:25,,BK,"[('Eggs', 2), ('Cereal', 8), ('Coffee', 9)]",0.0,-37.8007619,144.9728253,0,7.388,14.8654561
ORDI10945,2018-08-06,15:05:54,Lunch,NS,"[('Fries', 5), ('Steak', 2)]",150.0000000000002,-37.8120936,144.9886721,0,8.686,13.9497263
ORDC06632,2018-05-22,12:33:48,Lunch,NS,"[('Steak', 10), ('Burger', 5), ('Chicken', 8)]",861.0,-37.8067451,144.9450725,0,9.135,15.021507000000001
ORDJ02966,2018-07-30,14:55:46,Lunch,TP,"[('Fries', 8), ('Steak', 5)]",321.00000000000034,-37.812147499999995,144.97377340000003,0,8.79,12.3469713
ORDC06761,2018-01-10,08:10:08,,NS,"[('Cereal', 10), ('Eggs', 9)]",0.0,-37.8139544,144.96364499999999,1,7.971,6.2566977
ORDI09452,2018-05-23,12:43:56,Lunch,NS,"[('Chicken', 9), ('Fries', 1), ('Steak', 6), ('Salad', 6)]",673.1999999999999,-37.814685299999994,144.9839096,0,8.586,14.010467199999999
ORDJ03530,2018-09-17,16:37:10,Dinner,TP,"[('Shrimp', 3), ('Fish&Chips', 2), ('Salmon', 6)]",477.9999999999997,-37.819592799999995,145.00842649999998,0,11.344,15.454588199999998
ORDB05003,2018-03-12,10:11:49,Breakfast,TP,"[('Coffee', 7), ('Eggs', 5), ('Pancake', 2), ('Cereal', 9)]",400.0,-37.8192464,144.94244880000002,0,9.554,12.8455742
ORDZ03522,2018-12-03,19:09:17,Dinner,NS,"[('Pasta', 2), ('Salmon', 9)]",423.9999999999995,-37.8213234,144.97100590000002,0,8.87,15.0219568
ORDZ06939,2018-06-17,13:34:38,Lunch,NS,"[('Chicken', 1), ('Salad', 7), ('Fries', 5)]",212.40000000000003,-37.815779,144.94616299999998,0,9.199,16.531443
ORDI10939,2018-09-29,16:57:27,Dinner,NS,"[('Shrimp', 4), ('Salmon', 6), ('Fish&Chips', 10)]",812.0000000000001,-37.8181162,144.9951082,0,9.686,17.441838600000004
ORDI06623,2018-10-13,17:27:53,Dinner,NS,"[('Fish&Chips', 3), ('Pasta', 3)]",187.50000000000017,-37.818143799999994,144.9648496,0,8.509,16.784415
ORDX05251,2018-05-24,12:43:56,Lunch,BK,"[('Burger', 7), ('Fries', 2), ('Steak', 8)]",601.0000000000001,-37.822180700000004,144.97923600000001,0,6.981,12.717163900000001
ORDJ02110,2018-11-19,18:38:52,Dinner,TP,"[('Fish&Chips', 4), ('Pasta', 6), ('Salmon', 1)]",346.0000000000002,-37.818727700000004,145.0056801,0,11.137,15.049211699999999
ORDY07521,2018-03-04,10:01:41,Breakfast,TP,"[('Coffee', 4), ('Cereal', 7), ('Eggs', 10), ('Pancake', 4)]",493.99999999999994,-37.8108565,144.9631424,0,8.432,12.251806599999998
ORDZ01907,2018-05-24,12:43:56,Lunch,NS,"[('Fries', 4), ('Salad', 9), ('Chicken', 3), ('Steak', 7)]",613.8000000000002,-37.8001964,144.93381340000002,0,6.781,12.3389565
ORDY04787,2018-05-09,12:13:31,Lunch,TP,"[('Burger', 6), ('Salad', 7), ('Fries', 6), ('Steak', 3), ('Chicken', 1)]",545.4000000000001,-37.8175356,144.98986100000002,0,9.678,13.1674836
ORDI05322,2018-09-22,16:47:19,Dinner,NS,"[('Shrimp', 10), ('Fish&Chips', 10)]",890.0000000000006,-37.8040715,144.9865219,0,7.831,15.712740900000002
ORDB00440,2018-11-09,18:18:35,Dinner,TP,"[('Pasta', 7), ('Fish&Chips', 8)]",472.50000000000045,-37.81972879999999,145.00988859999998,0,11.474,15.186713199999998
ORDB07992,2018-11-16,18:38:52,Dinner,TP,"[('Salmon', 6), ('Pasta', 3), ('Fish&Chips', 6)]",538.4999999999999,-37.8189555,144.9618262,0,7.812,11.8434992
ORDC08724,2018-02-19,09:31:16,Breakfast,NS,"[('Cereal', 5), ('Pancake', 10), ('Coffee', 8), ('Eggs', 4)]",495.4999999999999,-37.805031400000004,144.92790559999997,0,10.574,15.5316739
ORDY06822,2018-06-16,13:24:30,Lunch,TP,"[('Salad', 8), ('Fries', 7), ('Steak', 3), ('Chicken', 3), ('Burger', 1)]",483.60000000000014,-37.82239379999999,144.9487416,0,8.779,13.0193591
ORDZ07500,2018-11-17,18:38:52,Dinner,NS,"[('Shrimp', 8), ('Fish&Chips', 2), ('Salmon', 6)]",747.9999999999998,-37.816865,144.9289353,0,10.584,18.1712026
ORDC02578,2018-05-21,12:33:48,Lunch,NS,"[('Salad', 8), ('Steak', 3), ('Burger', 9), ('Chicken', 9)]",839.5999999999996,-37.8194126,144.9320645,0,10.88,16.2391506
ORDC04797,2018-12-30,20:00:00,Dinner,NS,"[('Salmon', 2), ('Fish&Chips', 9), ('Pasta', 6)]",562.0000000000005,-37.815504499999996,144.9377081,0,10.003,18.0018887
ORDZ07844,2018-01-18,08:30:25,,NS,"[('Pancake', 6), ('Coffee', 8)]",0.0,-37.823289700000004,144.9399679,1,10.857,7.781111699999999
ORDI05774,2018-08-02,15:05:54,Lunch,NS,"[('Chicken', 7), ('Salad', 6), ('Burger', 9), ('Fries', 6), ('Steak', 8)]",1038.2,-37.81119520000001,144.9697619,0,7.332,13.0821205
ORDX02366,2018-10-02,17:07:36,Dinner,BK,"[('Fish&Chips', 9), ('Pasta', 6)]",480.0000000000005,-37.8023828,144.9633268,0,7.822,14.9125756
ORDA07552,2018-08-02,15:05:54,Lunch,BK,"[('Salad', 1), ('Fries', 6), ('Chicken', 5), ('Burger', 1)]",280.2000000000001,-37.8152196,144.9854918,0,5.888,10.9259916
ORDA08966,2018-08-15,15:26:11,Lunch,BK,"[('Steak', 1), ('Chicken', 6), ('Fries', 9), ('Salad', 8)]",482.6000000000001,-37.8090325,144.9838615,0,5.573,11.2320259
ORDA02944,2018-03-06,10:01:41,Breakfast,BK,"[('Eggs', 10), ('Pancake', 3), ('Cereal', 6)]",418.74999999999994,-37.815987799999995,144.98306430000002,0,6.221,11.2350004
ORDZ07686,2018-08-20,15:36:20,Lunch,NS,"[('Salad', 10), ('Fries', 10), ('Steak', 5), ('Burger', 7)]",734.0000000000001,-37.818601799999996,144.9680187,0,8.427,14.330570199999999
ORDB01930,2018-03-29,10:52:23,Breakfast,TP,"[('Cereal', 4), ('Eggs', 9), ('Coffee', 8)]",342.00000000000006,-37.814471000000005,144.9496471,0,9.782,12.113291
ORDI02025,2018-07-15,14:25:21,Lunch,NS,"[('Steak', 4), ('Fries', 1), ('Salad', 3), ('Chicken', 7)]",467.59999999999997,-37.8040088,144.97640880000003,0,6.922,14.6163953
ORDZ01158,2018-01-07,08:10:08,,NS,"[('Coffee', 2), ('Eggs', 4), ('Cereal', 10), ('Pancake', 9)]",0.0,-37.8130415,144.93731110000002,1,10.046,8.631977099999999
ORDY04541,2018-08-18,15:36:20,Lunch,TP,"[('Salad', 3), ('Steak', 2), ('Fries', 5), ('Chicken', 2)]",265.60000000000014,-37.8137277,145.01201630000003,0,12.268,16.401994199999997
ORDA05912,2018-11-15,18:28:43,Dinner,BK,"[('Salmon', 6), ('Pasta', 1), ('Fish&Chips', 10)]",623.5,-37.8334823,144.9919732,0,7.856,14.470187099999999
ORDX10285,2018-12-21,19:39:43,Dinner,BK,"[('Shrimp', 6), ('Fish&Chips', 2), ('Pasta', 7)]",586.5000000000002,-37.8143826,144.9328127,0,11.028,18.102078600000002
ORDK07716,2018-09-11,16:16:54,Dinner,BK,"[('Pasta', 3), ('Shrimp', 4), ('Fish&Chips', 5)]",473.50000000000034,-37.8106451,144.9756601,0,6.509,13.0073909
ORDJ04364,2018-09-08,16:16:54,Dinner,TP,"[('Pasta', 6), ('Salmon', 8), ('Fish&Chips', 1), ('Shrimp', 2)]",635.9999999999997,-37.821108,144.9781932,0,8.704,15.0254084
ORDZ08747,2018-09-01,16:06:45,Dinner,NS,"[('Salmon', 8), ('Shrimp', 10), ('Pasta', 8), ('Fish&Chips', 3)]",1193.0,-37.814997,144.9601523,0,8.326,16.369603400000003
ORDJ00995,2018-05-22,12:33:48,Lunch,TP,"[('Chicken', 4), ('Salad', 4), ('Burger', 10), ('Fries', 8)]",602.8,-37.8181546,144.9954403,0,10.179,12.840937599999998
ORDA01783,2018-06-25,13:44:47,Lunch,BK,"[('Steak', 4), ('Chicken', 5), ('Salad', 6), ('Burger', 5)]",598.1999999999998,-37.8242,144.9832969,0,6.995,13.3249372
ORDA04738,2018-12-12,19:29:34,Dinner,BK,"[('Shrimp', 1), ('Fish&Chips', 4)]",194.00000000000017,-37.8144235,144.96561210000002,0,7.698,14.367475699999998
ORDK05364,2018-07-27,14:45:38,Lunch,BK,"[('Salad', 7), ('Chicken', 8), ('Steak', 1)]",421.39999999999975,-37.7995965,144.9695882,0,7.645,13.024362199999999
ORDC03500,2018-12-22,19:49:51,Dinner,NS,"[('Salmon', 3), ('Shrimp', 10), ('Pasta', 2), ('Fish&Chips', 3)]",823.0,-37.818109299999996,144.9469292,0,9.51,17.1974697
ORDX02126,2018-01-04,08:00:00,,BK,"[('Pancake', 7), ('Eggs', 10), ('Coffee', 10)]",0.0,-37.803933799999996,144.9382392,1,10.119,7.8483366
ORDY06400,2018-11-20,18:38:52,Dinner,TP,"[('Shrimp', 5), ('Salmon', 8), ('Fish&Chips', 10), ('Pasta', 5)]",1085.5,-37.8148117,145.01330159999998,0,12.249,15.833450199999998
ORDB09594,2018-09-16,16:27:02,Dinner,TP,"[('Salmon', 4), ('Pasta', 7)]",356.4999999999999,-37.8128634,144.9563551,0,8.578,14.0177525
ORDJ10525,2018-03-09,10:11:49,Breakfast,TP,"[('Eggs', 8), ('Coffee', 7), ('Pancake', 9)]",446.7499999999999,-37.8188263,144.9843814,0,9.16,11.995472900000001
ORDA00289,2018-12-05,19:09:17,Dinner,BK,"[('Shrimp', 8), ('Salmon', 7), ('Pasta', 2)]",773.9999999999995,-37.819018799999995,144.9539293,0,8.723,15.2604264
ORDJ08852,2018-06-16,13:24:30,Lunch,TP,"[('Chicken', 7), ('Salad', 1)]",241.1999999999999,-37.8225482,144.94705359999998,0,8.885,13.239068099999999
ORDK08431,2018-02-09,09:10:59,Breakfast,BK,"[('Pancake', 10), ('Cereal', 2), ('Eggs', 5)]",394.49999999999983,-37.811850799999995,144.96749609999998,0,7.235,11.903098
ORDA03006,2018-01-03,08:00:00,,BK,"[('Eggs', 4), ('Coffee', 4), ('Pancake', 4)]",0.0,-37.8007556,145.01867190000002,1,5.577,5.2179724
ORDC02947,2018-08-21,15:36:20,Lunch,NS,"[('Fries', 8), ('Chicken', 10)]",416.0000000000001,-37.820559700000004,144.9813601,0,9.638,14.844057199999998
ORDC02567,2018-10-07,17:17:44,Dinner,NS,"[('Pasta', 6), ('Fish&Chips', 1), ('Shrimp', 3)]",362.0000000000002,-37.8022208,144.9656789,0,6.683,14.367322099999999
ORDJ10488,2018-03-29,10:52:23,Breakfast,TP,"[('Coffee', 9), ('Eggs', 9), ('Cereal', 10), ('Pancake', 3)]",548.25,-37.8070489,144.95830569999998,0,9.06,11.6826994
ORDJ01084,2018-04-27,11:43:05,Breakfast,TP,"[('Pancake', 8), ('Coffee', 5)]",231.4999999999999,-37.8134714,144.965322,0,8.223,10.9826358
ORDK10418,2018-09-13,16:27:02,Dinner,BK,"[('Fish&Chips', 6), ('Salmon', 2), ('Shrimp', 7), ('Pasta', 8)]",890.0000000000003,-37.8006539,144.953847,0,8.621,15.294882800000002
ORDA05741,2018-07-08,14:15:12,Lunch,BK,"[('Steak', 4), ('Chicken', 6), ('Fries', 1), ('Burger', 7)]",601.0,-37.8091315,144.93208190000001,0,10.45,19.214545899999997
ORDK09837,2018-02-09,09:10:59,Breakfast,BK,"[('Pancake', 4), ('Cereal', 3), ('Eggs', 9)]",357.99999999999994,-37.799308,144.95924140000002,0,8.43,13.122578899999999
ORDZ02741,2018-05-02,12:03:22,Lunch,NS,"[('Chicken', 7), ('Fries', 5), ('Burger', 9)]",562.9999999999999,-37.8113299,144.9667576,0,7.543,13.104877900000002
ORDI10085,2018-09-08,16:16:54,Dinner,NS,"[('Fish&Chips', 8), ('Pasta', 9), ('Shrimp', 4)]",743.5000000000005,-37.819495,144.9616509,0,8.911,17.1644738
ORDC01047,2018-06-19,13:34:38,Lunch,NS,"[('Salad', 1), ('Chicken', 8), ('Steak', 2)]",363.19999999999993,-37.799659000000005,144.9248126,0,11.224,16.8143993
ORDY04378,2018-01-01,08:00:00,,TP,"[('Coffee', 1), ('Cereal', 4), ('Pancake', 7), ('Eggs', 3)]",0.0,-37.8213426,144.9463561,1,9.039,5.5411743
ORDX05552,2018-05-20,12:33:48,Lunch,BK,"[('Fries', 5), ('Burger', 2), ('Chicken', 1), ('Salad', 6)]",257.2,-37.8020399,144.9570886,0,8.201,16.9613908
ORDC00559,2018-08-24,15:46:28,Lunch,NS,"[('Steak', 6), ('Salad', 7), ('Fries', 3), ('Burger', 7), ('Chicken', 6)]",835.3999999999999,-37.8039953,144.936298,0,9.818,15.443582399999999
ORDZ02142,2018-11-03,18:08:27,Dinner,NS,"[('Pasta', 10), ('Shrimp', 7), ('Salmon', 8), ('Fish&Chips', 10)]",1331.0000000000002,-37.7995701,145.0108497,0,10.042,17.8803439
ORDK03685,2018-12-25,19:49:51,Dinner,BK,"[('Pasta', 10), ('Salmon', 10), ('Shrimp', 7), ('Fish&Chips', 4)]",1202.9999999999998,-37.805095200000004,144.9685561,0,7.098,14.297638099999999
ORDY01887,2018-06-22,13:34:38,Lunch,TP,"[('Burger', 3), ('Steak', 2), ('Fries', 3)]",219.0000000000001,-37.8122832,144.9624112,0,8.241,11.8228146
ORDX08676,2018-08-27,15:56:37,Lunch,BK,"[('Fries', 1), ('Steak', 1), ('Chicken', 6), ('Burger', 4), ('Salad', 5)]",458.9999999999999,-37.8205549,144.9532181,0,9.022,15.5614449
ORDC03279,2018-11-04,18:08:27,Dinner,NS,"[('Fish&Chips', 5), ('Salmon', 5), ('Shrimp', 2)]",487.9999999999999,-37.8114653,144.9528619,0,8.475,16.4655775
ORDC06087,2018-11-13,18:28:43,Dinner,NS,"[('Pasta', 6), ('Shrimp', 5)]",435.00000000000017,-37.811842799999994,144.95987490000002,0,7.916,13.780564100000001
ORDI06677,2018-06-28,13:54:55,Lunch,NS,"[('Steak', 9), ('Chicken', 5), ('Salad', 3), ('Fries', 5)]",676.6000000000001,-37.8117836,144.94912109999999,0,8.809,14.066580100000001
ORDZ03335,2018-12-29,20:00:00,Dinner,NS,"[('Shrimp', 7), ('Fish&Chips', 8)]",658.0000000000005,-37.8216102,144.9439044,0,10.278,18.637709
ORDC00538,2018-08-04,15:05:54,Lunch,NS,"[('Salad', 2), ('Chicken', 1), ('Burger', 3), ('Steak', 9), ('Fries', 6)]",636.4000000000003,-37.8035731,144.9497003,0,8.338,15.374436300000001
ORDY00697,2018-02-13,09:21:07,Breakfast,TP,"[('Pancake', 8), ('Cereal', 2), ('Coffee', 4)]",265.9999999999999,-37.802525,144.9270871,0,11.619,13.657225699999998
ORDY05278,2018-07-29,14:55:46,Lunch,TP,"[('Chicken', 10), ('Salad', 4), ('Fries', 5)]",448.8,-37.812505200000004,144.9652372,0,8.327,13.3275098
ORDY06953,2018-02-26,09:51:32,Breakfast,TP,"[('Eggs', 10), ('Pancake', 3)]",292.74999999999994,-37.8106277,144.9775804,0,9.161,11.125002
ORDI07439,2018-05-18,12:33:48,Lunch,NS,"[('Salad', 7), ('Fries', 9), ('Chicken', 2), ('Steak', 10), ('Burger', 6)]",928.4000000000002,-37.8030375,145.004495,0,9.36,15.206838699999999
ORDB01388,2018-12-29,20:00:00,Dinner,TP,"[('Pasta', 2), ('Fish&Chips', 7)]",300.00000000000034,-37.8158541,144.93729580000002,0,10.437,16.018943300000004
ORDK05867,2018-06-27,13:44:47,Lunch,BK,"[('Fries', 2), ('Steak', 3), ('Burger', 2), ('Chicken', 4), ('Salad', 5)]",435.0,-37.8071165,144.9876635,0,5.505,10.7582329
